,index,Город / Нас.пункт,GPS. Широта,GPS. Долгота,номер,город,links
0,0,улан_удэ,51.826535,107.589608,198,Улан-Удэ,"['https://yandex.ru/maps/198/ulan_ude/search/DNS/?ll=107.589608,51.826535&rspn=1&spn=0.003,0.003', 'https://yandex.ru/maps/198/ulan_ude/search/m_video/?ll=107.589608,51.826535&rspn=1&spn=0.003,0.003', 'https://yandex.ru/maps/198/ulan_ude/search/megafon/?ll=107.589608,51.826535&rspn=1&spn=0.003,0.003', 'https://yandex.ru/maps/198/ulan_ude/search/mts/?ll=107.589608,51.826535&rspn=1&spn=0.003,0.003', 'https://yandex.ru/maps/198/ulan_ude/search/svyaznoy/?ll=107.589608,51.826535&rspn=1&spn=0.003,0.003']"
1,1,улан_удэ,51.831067,107.583938,198,Улан-Удэ,"['https://yandex.ru/maps/198/ulan_ude/search/DNS/?ll=107.583938,51.831067&rspn=1&spn=0.003,0.003', 'https://yandex.ru/maps/198/ulan_ude/search/m_video/?ll=107.583938,51.831067&rspn=1&spn=0.003,0.003', 'https://yandex.ru/maps/198/ulan_ude/search/megafon/?ll=107.583938,51.831067&rspn=1&spn=0.003,0.003', 'https://yandex.ru/maps/198/ulan_ude/search/mts/?ll=107.583938,51.831067&rspn=1&spn=0.003,0.003', 'https://yandex.ru/maps/198/ulan_ude/search/svyaznoy/?ll=107.583938,51.831067&rspn=1&spn=0.003,0.003']"
2,2,улан_удэ,51.811957,107.663108,198,Улан-Удэ,"['https://yandex.ru/maps/198/ulan_ude/search/DNS/?ll=107.663108,51.811957&rspn=1&spn=0.003,0.003', 'https://yandex.ru/maps/198/ulan_ude/search/m_video/?ll=107.663108,51.811957&rspn=1&spn=0.003,0.003', 'https://yandex.ru/maps/198/ulan_ude/search/megafon/?ll=107.663108,51.811957&rspn=1&spn=0.003,0.003', 'https://yandex.ru/maps/198/ulan_ude/search/mts/?ll=107.663108,51.811957&rspn=1&spn=0.003,0.003', 'https://yandex.ru/maps/198/ulan_ude/search/svyaznoy/?ll=107.663108,51.811957&rspn=1&spn=0.003,0.003']"
3,3,улан_удэ,51.809325,107.607379,198,Улан-Удэ,"['https://yandex.ru/maps/198/ulan_ude/search/DNS/?ll=107.607379,51.809325&rspn=1&spn=0.003,0.003', 'https://yandex.ru/maps/198/ulan_ude/search/m_video/?ll=107.607379,51.809325&rspn=1&spn=0.003,0.003', 'https://yandex.ru/maps/198/ulan_ude/search/megafon/?ll=107.607379,51.809325&rspn=1&spn=0.003,0.003', 'https://yandex.ru/maps/198/ulan_ude/search/mts/?ll=107.607379,51.809325&rspn=1&spn=0.003,0.003', 'https://yandex.ru/maps/198/ulan_ude/search/svyaznoy/?ll=107.607379,51.809325&rspn=1&spn=0.003,0.003']"
4,4,иркутск,52.233915,104.285861,63,Иркутск,"['https://yandex.ru/maps/63/irkutsk/search/DNS/?ll=104.285861,52.233915&rspn=1&spn=0.003,0.003', 'https://yandex.ru/maps/63/irkutsk/search/m_video/?ll=104.285861,52.233915&rspn=1&spn=0.003,0.003', 'https://yandex.ru/maps/63/irkutsk/search/megafon/?ll=104.285861,52.233915&rspn=1&spn=0.003,0.003', 'https://yandex.ru/maps/63/irkutsk/search/mts/?ll=104.285861,52.233915&rspn=1&spn=0.003,0.003', 'https://yandex.ru/maps/63/irkutsk/search/svyaznoy/?ll=104.285861,52.233915&rspn=1&spn=0.003,0.003']"
5,5,иркутск,52.26504,104.206837,63,Иркутск,"['https://yandex.ru/maps/63/irkutsk/search/DNS/?ll=104.206837,52.26504&rspn=1&spn=0.003,0.003', 'https://yandex.ru/maps/63/irkutsk/search/m_video/?ll=104.206837,52.26504&rspn=1&spn=0.003,0.003', 'https://yandex.ru/maps/63/irkutsk/search/megafon/?ll=104.206837,52.26504&rspn=1&spn=0.003,0.003', 'https://yandex.ru/maps/63/irkutsk/search/mts/?ll=104.206837,52.26504&rspn=1&spn=0.003,0.003', 'https://yandex.ru/maps/63/irkutsk/search/svyaznoy/?ll=104.206837,52.26504&rspn=1&spn=0.003,0.003']"
6,6,иркутск,52.355091,104.15477,63,Иркутск,"['https://yandex.ru/maps/63/irkutsk/search/DNS/?ll=104.15477,52.355091&rspn=1&spn=0.003,0.003', 'https://yandex.ru/maps/63/irkutsk/search/m_video/?ll=104.15477,52.355091&rspn=1&spn=0.003,0.003', 'https://yandex.ru/maps/63/irkutsk/search/megafon/?ll=104.15477,52.355091&rspn=1&spn=0.003,0.003', 'https://yandex.ru/maps/63/irkutsk/search/mts/?ll=104.15477,52.355091&rspn=1&spn=0.003,0.003', 'https://yandex.ru/maps/63/irkutsk/search/svyaznoy/?ll=104.15477,52.355091&rspn=1&spn=0.003,0.003']"
7,7,иркутск,52.35054,104.173752,63,Иркутск,"['https://yandex.ru/maps/63/irkutsk/search/DNS/?ll=104.173752,52.35054&rspn=1&spn=0.003,0.003', 'https://yandex.ru/maps/63/irkutsk/search/m_video/?ll=104.173752,52.35054&rspn=1&spn=0.003,0.003', 'https://yandex.ru/maps/63/irkutsk/search/megafon/?ll=104.173752,52.35054&rspn=1&spn=0.003,0.003', 'https://yandex.ru/maps/63/irkutsk/search/mts/?ll=104.173752,52.35054&rspn=1&spn=0.003,0.003', 'https://yandex.ru/maps/63/irkutsk/search/svyaznoy/?ll=104.173752,52.35054&rspn=1&spn=0.003,0.003']"
8,8,петропавловск_камчатский,53.036678,158.656226,78,Петропавловск-Камчатский,"['https://yandex.ru/maps/78/petropavlovsk_kamchatskij/search/DNS/?ll=158.656226,53.036678&rspn=1&spn=0.003,0.003', 'https://yandex.ru/maps/78/petropavlovsk_kamchatskij/search/m_video/?ll=158.656226,53.036678&rspn=1&spn=0.003,0.003', 'https://yandex.ru/maps/78/petropavlovsk_kamchatskij/search/megafon/?ll=158.656226,53.036678&rspn=1&spn=0.003,0.003', 'https://yandex.ru/maps/78/petropavlovsk_kamchatskij/search/mts/?ll=158.656226,53.036678&rspn=1&spn=0.003,0.003', 'https://yandex.ru/maps/78/petropavlovsk_kamchatskij/search/svyaznoy/?ll=158.656226,53.036678&rspn=1&spn=0.003,0.003']"
9,9,петропавловск_камчатский,52.982021,158.681005,78,Петропавловск-Камчатский,"['https://yandex.ru/maps/78/petropavlovsk_kamchatskij/search/DNS/?ll=158.681005,52.982021&rspn=1&spn=0.003,0.003', 'https://yandex.ru/maps/78/petropavlovsk_kamchatskij/search/m_video/?ll=158.681005,52.982021&rspn=1&spn=0.003,0.003', 'https://yandex.ru/maps/78/petropavlovsk_kamchatskij/search/megafon/?ll=158.681005,52.982021&rspn=1&spn=0.003,0.003', 'https://yandex.ru/maps/78/petropavlovsk_kamchatskij/search/mts/?ll=158.681005,52.982021&rspn=1&spn=0.003,0.003', 'https://yandex.ru/maps/78/petropavlovsk_kamchatskij/search/svyaznoy/?ll=158.681005,52.982021&rspn=1&spn=0.003,0.003']"
10,10,петропавловск_камчатский,53.071117,158.59212,78,Петропавловск-Камчатский,"['https://yandex.ru/maps/78/petropavlovsk_kamchatskij/search/DNS/?ll=158.59212,53.071117&rspn=1&spn=0.003,0.003', 'https://yandex.ru/maps/78/petropavlovsk_kamchatskij/search/m_video/?ll=158.59212,53.071117&rspn=1&spn=0.003,0.003', 'https://yandex.ru/maps/78/petropavlovsk_kamchatskij/search/megafon/?ll=158.59212,53.071117&rspn=1&spn=0.003,0.003', 'https://yandex.ru/maps/78/petropavlovsk_kamchatskij/search/mts/?ll=158.59212,53.071117&rspn=1&spn=0.003,0.003', 'https://yandex.ru/maps/78/petropavlovsk_kamchatskij/search/svyaznoy/?ll=158.59212,53.071117&rspn=1&spn=0.003,0.003']"
11,11,петропавловск_камчатский,53.056988,158.635059,78,Петропавловск-Камчатский,"['https://yandex.ru/maps/78/petropavlovsk_kamchatskij/search/DNS/?ll=158.635059,53.056988&rspn=1&spn=0.003,0.003', 'https://yandex.ru/maps/78/petropavlovsk_kamchatskij/search/m_video/?ll=158.635059,53.056988&rspn=1&spn=0.003,0.003', 'https://yandex.ru/maps/78/petropavlovsk_kamchatskij/search/megafon/?ll=158.635059,53.056988&rspn=1&spn=0.003,0.003', 'https://yandex.ru/maps/78/petropavlovsk_kamchatskij/search/mts/?ll=158.635059,53.056988&rspn=1&spn=0.003,0.003', 'https://yandex.ru/maps/78/petropavlovsk_kamchatskij/search/svyaznoy/?ll=158.635059,53.056988&rspn=1&spn=0.003,0.003']"
12,12,владивосток,43.124835,131.920496,75,Владивосток,"['https://yandex.ru/maps/75/vladivostok/search/DNS/?ll=131.920496,43.124835&rspn=1&spn=0.003,0.003', 'https://yandex.ru/maps/75/vladivostok/search/m_video/?ll=131.920496,43.124835&rspn=1&spn=0.003,0.003', 'https://yandex.ru/maps/75/vladivostok/search/megafon/?ll=131.920496,43.124835&rspn=1&spn=0.003,0.003', 'https://yandex.ru/maps/75/vladivostok/search/mts/?ll=131.920496,43.124835&rspn=1&spn=0.003,0.003', 'https://yandex.ru/maps/75/vladivostok/search/svyaznoy/?ll=131.920496,43.124835&rspn=1&spn=0.003,0.003']"
13,13,владивосток,43.092097,131.973011,75,Владивосток,"['https://yandex.ru/maps/75/vladivostok/search/DNS/?ll=131.973011,43.092097&rspn=1&spn=0.003,0.003', 'https://yandex.ru/maps/75/vladivostok/search/m_video/?ll=131.973011,43.092097&rspn=1&spn=0.003,0.003', 'https://yandex.ru/maps/75/vladivostok/search/megafon/?ll=131.973011,43.092097&rspn=1&spn=0.003,0.003', 'https://yandex.ru/maps/75/vladivostok/search/mts/?ll=131.973011,43.092097&rspn=1&spn=0.003,0.003', 'https://yandex.ru/maps/75/vladivostok/search/svyaznoy/?ll=131.973011,43.092097&rspn=1&spn=0.003,0.003']"
14,14,владивосток,43.102055,131.917305,75,Владивосток,"['https://yandex.ru/maps/75/vladivostok/search/DNS/?ll=131.917305,43.102055&rspn=1&spn=0.003,0.003', 'https://yandex.ru/maps/75/vladivostok/search/m_video/?ll=131.917305,43.102055&rspn=1&spn=0.003,0.003', 'https://yandex.ru/maps/75/vladivostok/search/megafon/?ll=131.917305,43.102055&rspn=1&spn=0.003,0.003', 'https://yandex.ru/maps/75/vladivostok/search/mts/?ll=131.917305,43.102055&rspn=1&spn=0.003,0.003', 'https://yandex.ru/maps/75/vladivostok/search/svyaznoy/?ll=131.917305,43.102055&rspn=1&spn=0.003,0.003']"
15,15,владивосток,43.100829,131.894893,75,Владивосток,"['https://yandex.ru/maps/75/vladivostok/search/DNS/?ll=131.894893,43.100829&rspn=1&spn=0.003,0.003', 'https://yandex.ru/maps/75/vladivostok/search/m_video/?ll=131.894893,43.100829&rspn=1&spn=0.003,0.003', 'https://yandex.ru/maps/75/vladivostok/search/megafon/?ll=131.894893,43.100829&rspn=1&spn=0.003,0.003', 'https://yandex.ru/maps/75/vladivostok/search/mts/?ll=131.894893,43.100829&rspn=1&spn=0.003,0.003', 'https://yandex.ru/maps/75/vladivostok/search/svyaznoy/?ll=131.894893,43.100829&rspn=1&spn=0.003,0.003']"
16,20,хабаровск,48.49474,135.072873,76,Хабаровск,"['https://yandex.ru/maps/76/habarovsk/search/DNS/?ll=135.072873,48.49474&rspn=1&spn=0.003,0.003', 'https://yandex.ru/maps/76/habarovsk/search/m_video/?ll=135.072873,48.49474&rspn=1&spn=0.003,0.003', 'https://yandex.ru/maps/76/habarovsk/search/megafon/?ll=135.072873,48.49474&rspn=1&spn=0.003,0.003', 'https://yandex.ru/maps/76/habarovsk/search/mts/?ll=135.072873,48.49474&rspn=1&spn=0.003,0.003', 'https://yandex.ru/maps/76/habarovsk/search/svyaznoy/?ll=135.072873,48.49474&rspn=1&spn=0.003,0.003']"
17,21,хабаровск,48.485476,135.067298,76,Хабаровск,"['https://yandex.ru/maps/76/habarovsk/search/DNS/?ll=135.067298,48.485476&rspn=1&spn=0.003,0.003', 'https://yandex.ru/maps/76/habarovsk/search/m_video/?ll=135.067298,48.485476&rspn=1&spn=0.003,0.003', 'https://yandex.ru/maps/76/habarovsk/search/megafon/?ll=135.067298,48.485476&rspn=1&spn=0.003,0.003', 'https://yandex.ru/maps/76/habarovsk/search/mts/?ll=135.067298,48.485476&rspn=1&spn=0.003,0.003', 'https://yandex.ru/maps/76/habarovsk/search/svyaznoy/?ll=135.067298,48.485476&rspn=1&spn=0.003,0.003']"
18,22,хабаровск,48.487939,135.069283,76,Хабаровск,"['https://yandex.ru/maps/76/habarovsk/search/DNS/?ll=135.069283,48.487939&rspn=1&spn=0.003,0.003', 'https://yandex.ru/maps/76/habarovsk/search/m_video/?ll=135.069283,48.487939&rspn=1&spn=0.003,0.003', 'https://yandex.ru/maps/76/habarovsk/search/megafon/?ll=135.069283,48.487939&rspn=1&spn=0.003,0.003', 'https://yandex.ru/maps/76/habarovsk/search/mts/?ll=135.069283,48.487939&rspn=1&spn=0.003,0.003', 'https://yandex.ru/maps/76/habarovsk/search/svyaznoy/?ll=135.069283,48.487939&rspn=1&spn=0.003,0.003']"
19,23,хабаровск,48.543866,135.041406,76,Хабаровск,"['https://yandex.ru/maps/76/habarovsk/search/DNS/?ll=135.041406,48.543866&rspn=1&spn=0.003,0.003', 'https://yandex.ru/maps/76/habarovsk/search/m_video/?ll=135.041406,48.543866&rspn=1&spn=0.003,0.003', 'https://yandex.ru/maps/76/habarovsk/search/megafon/?ll=135.041406,48.543866&rspn=1&spn=0.003,0.003', 'https://yandex.ru/maps/76/habarovsk/search/mts/?ll=135.041406,48.543866&rspn=1&spn=0.003,0.003', 'https://yandex.ru/maps/76/habarovsk/search/svyaznoy/?ll=135.041406,48.543866&rspn=1&spn=0.003,0.003']"
20,24,якутск,62.021395,129.706495,74,Якутск,"['https://yandex.ru/maps/74/jakutsk/search/DNS/?ll=129.706495,62.021395&rspn=1&spn=0.003,0.003', 'https://yandex.ru/maps/74/jakutsk/search/m_video/?ll=129.706495,62.021395&rspn=1&spn=0.003,0.003', 'https://yandex.ru/maps/74/jakutsk/search/megafon/?ll=129.706495,62.021395&rspn=1&spn=0.003,0.003', 'https://yandex.ru/maps/74/jakutsk/search/mts/?ll=129.706495,62.021395&rspn=1&spn=0.003,0.003', 'https://yandex.ru/maps/74/jakutsk/search/svyaznoy/?ll=129.706495,62.021395&rspn=1&spn=0.003,0.003']"
21,25,якутск,62.037266,129.718775,74,Якутск,"['https://yandex.ru/maps/74/jakutsk/search/DNS/?ll=129.718775,62.037266&rspn=1&spn=0.003,0.003', 'https://yandex.ru/maps/74/jakutsk/search/m_video/?ll=129.718775,62.037266&rspn=1&spn=0.003,0.003', 'https://yandex.ru/maps/74/jakutsk/search/megafon/?ll=129.718775,62.037266&rspn=1&spn=0.003,0.003', 'https://yandex.ru/maps/74/jakutsk/search/mts/?ll=129.718775,62.037266&rspn=1&spn=0.003,0.003', 'https://yandex.ru/maps/74/jakutsk/search/svyaznoy/?ll=129.718775,62.037266&rspn=1&spn=0.003,0.003']"
22,26,якутск,62.032488,129.744413,74,Якутск,"['https://yandex.ru/maps/74/jakutsk/search/DNS/?ll=129.744413,62.032488&rspn=1&spn=0.003,0.003', 'https://yandex.ru/maps/74/jakutsk/search/m_video/?ll=129.744413,62.032488&rspn=1&spn=0.003,0.003', 'https://yandex.ru/maps/74/jakutsk/search/megafon/?ll=129.744413,62.032488&rspn=1&spn=0.003,0.003', 'https://yandex.ru/maps/74/jakutsk/search/mts/?ll=129.744413,62.032488&rspn=1&spn=0.003,0.003', 'https://yandex.ru/maps/74/jakutsk/search/svyaznoy/?ll=129.744413,62.032488&rspn=1&spn=0.003,0.003']"
23,27,якутск,62.060711,129.741329,74,Якутск,"['https://yandex.ru/maps/74/jakutsk/search/DNS/?ll=129.741329,62.060711&rspn=1&spn=0.003,0.003', 'https://yandex.ru/maps/74/jakutsk/search/m_video/?ll=129.741329,62.060711&rspn=1&spn=0.003,0.003', 'https://yandex.ru/maps/74/jakutsk/search/megafon/?ll=129.741329,62.060711&rspn=1&spn=0.003,0.003', 'https://yandex.ru/maps/74/jakutsk/search/mts/?ll=129.741329,62.060711&rspn=1&spn=0.003,0.003', 'https://yandex.ru/maps/74/jakutsk/search/svyaznoy/?ll=129.741329,62.060711&rspn=1&spn=0.003,0.003']"
24,28,якутск,62.068205,129.742787,74,Якутск,"['https://yandex.ru/maps/74/jakutsk/search/DNS/?ll=129.742787,62.068205&rspn=1&spn=0.003,0.003', 'https://yandex.ru/maps/74/jakutsk/search/m_video/?ll=129.742787,62.068205&rspn=1&spn=0.003,0.003', 'https://yandex.ru/maps/74/jakutsk/search/megafon/?ll=129.742787,62.068205&rspn=1&spn=0.003,0.003', 'https://yandex.ru/maps/74/jakutsk/search/mts/?ll=129.742787,62.068205&rspn=1&spn=0.003,0.003', 'https://yandex.ru/maps/74/jakutsk/search/svyaznoy/?ll=129.742787,62.068205&rspn=1&spn=0.003,0.003']"
25,29,якутск,62.03221,129.74281,74,Якутск,"['https://yandex.ru/maps/74/jakutsk/search/DNS/?ll=129.74281,62.03221&rspn=1&spn=0.003,0.003', 'https://yandex.ru/maps/74/jakutsk/search/m_video/?ll=129.74281,62.03221&rspn=1&spn=0.003,0.003', 'https://yandex.ru/maps/74/jakutsk/search/megafon/?ll=129.74281,62.03221&rspn=1&spn=0.003,0.003', 'https://yandex.ru/maps/74/jakutsk/search/mts/?ll=129.74281,62.03221&rspn=1&spn=0.003,0.003', 'https://yandex.ru/maps/74/jakutsk/search/svyaznoy/?ll=129.74281,62.03221&rspn=1&spn=0.003,0.003']"
26,30,якутск,62.027203,129.715977,74,Якутск,"['https://yandex.ru/maps/74/jakutsk/search/DNS/?ll=129.715977,62.027203&rspn=1&spn=0.003,0.003', 'https://yandex.ru/maps/74/jakutsk/search/m_video/?ll=129.715977,62.027203&rspn=1&spn=0.003,0.003', 'https://yandex.ru/maps/74/jakutsk/search/megafon/?ll=129.715977,62.027203&rspn=1&spn=0.003,0.003', 'https://yandex.ru/maps/74/jakutsk/search/mts/?ll=129.715977,62.027203&rspn=1&spn=0.003,0.003', 'https://yandex.ru/maps/74/jakutsk/search/svyaznoy/?ll=129.715977,62.027203&rspn=1&spn=0.003,0.003']"
27,31,якутск,62.030724,129.737931,74,Якутск,"['https://yandex.ru/maps/74/jakutsk/search/DNS/?ll=129.737931,62.030724&rspn=1&spn=0.003,0.003', 'https://yandex.ru/maps/74/jakutsk/search/m_video/?ll=129.737931,62.030724&rspn=1&spn=0.003,0.003', 'https://yandex.ru/maps/74/jakutsk/search/megafon/?ll=129.737931,62.030724&rspn=1&spn=0.003,0.003', 'https://yandex.ru/maps/74/jakutsk/search/mts/?ll=129.737931,62.030724&rspn=1&spn=0.003,0.003', 'https://yandex.ru/maps/74/jakutsk/search/svyaznoy/?ll=129.737931,62.030724&rspn=1&spn=0.003,0.003']"
28,32,архангельск,64.532377,40.528734,20,Архангельск,"[""https://yandex.ru/maps/20/arhangel'sk/search/DNS/?ll=40.528734,64.532377&rspn=1&spn=0.003,0.003"", ""https://yandex.ru/maps/20/arhangel'sk/search/m_video/?ll=40.528734,64.532377&rspn=1&spn=0.003,0.003"", ""https://yandex.ru/maps/20/arhangel'sk/search/megafon/?ll=40.528734,64.532377&rspn=1&spn=0.003,0.003"", ""https://yandex.ru/maps/20/arhangel'sk/search/mts/?ll=40.528734,64.532377&rspn=1&spn=0.003,0.003"", ""https://yandex.ru/maps/20/arhangel'sk/search/svyaznoy/?ll=40.528734,64.532377&rspn=1&spn=0.003,0.003""]"
29,33,архангельск,64.539266,40.526344,20,Архангельск,"[""https://yandex.ru/maps/20/arhangel'sk/search/DNS/?ll=40.526344,64.539266&rspn=1&spn=0.003,0.003"", ""https://yandex.ru/maps/20/arhangel'sk/search/m_video/?ll=40.526344,64.539266&rspn=1&spn=0.003,0.003"", ""https://yandex.ru/maps/20/arhangel'sk/search/megafon/?ll=40.526344,64.539266&rspn=1&spn=0.003,0.003"", ""https://yandex.ru/maps/20/arhangel'sk/search/mts/?ll=40.526344,64.539266&rspn=1&spn=0.003,0.003"", ""https://yandex.ru/maps/20/arhangel'sk/search/svyaznoy/?ll=40.526344,64.539266&rspn=1&spn=0.003,0.003""]"
30,34,архангельск,64.542035,40.534404,20,Архангельск,"[""https://yandex.ru/maps/20/arhangel'sk/search/DNS/?ll=40.534404,64.542035&rspn=1&spn=0.003,0.003"", ""https://yandex.ru/maps/20/arhangel'sk/search/m_video/?ll=40.534404,64.542035&rspn=1&spn=0.003,0.003"", ""https://yandex.ru/maps/20/arhangel'sk/search/megafon/?ll=40.534404,64.542035&rspn=1&spn=0.003,0.003"", ""https://yandex.ru/maps/20/arhangel'sk/search/mts/?ll=40.534404,64.542035&rspn=1&spn=0.003,0.003"", ""https://yandex.ru/maps/20/arhangel'sk/search/svyaznoy/?ll=40.534404,64.542035&rspn=1&spn=0.003,0.003""]"
31,35,архангельск,64.510339,40.663894,20,Архангельск,"[""https://yandex.ru/maps/20/arhangel'sk/search/DNS/?ll=40.663894,64.510339&rspn=1&spn=0.003,0.003"", ""https://yandex.ru/maps/20/arhangel'sk/search/m_video/?ll=40.663894,64.510339&rspn=1&spn=0.003,0.003"", ""https://yandex.ru/maps/20/arhangel'sk/search/megafon/?ll=40.663894,64.510339&rspn=1&spn=0.003,0.003"", ""https://yandex.ru/maps/20/arhangel'sk/search/mts/?ll=40.663894,64.510339&rspn=1&spn=0.003,0.003"", ""https://yandex.ru/maps/20/arhangel'sk/search/svyaznoy/?ll=40.663894,64.510339&rspn=1&spn=0.003,0.003""]"
32,36,владимир,56.132975,40.357826,192,Владимир,"['https://yandex.ru/maps/192/vladimir/search/DNS/?ll=40.357826,56.132975&rspn=1&spn=0.003,0.003', 'https://yandex.ru/maps/192/vladimir/search/m_video/?ll=40.357826,56.132975&rspn=1&spn=0.003,0.003', 'https://yandex.ru/maps/192/vladimir/search/megafon/?ll=40.357826,56.132975&rspn=1&spn=0.003,0.003', 'https://yandex.ru/maps/192/vladimir/search/mts/?ll=40.357826,56.132975&rspn=1&spn=0.003,0.003', 'https://yandex.ru/maps/192/vladimir/search/svyaznoy/?ll=40.357826,56.132975&rspn=1&spn=0.003,0.003']"
33,37,владимир,56.148882,40.386688,192,Владимир,"['https://yandex.ru/maps/192/vladimir/search/DNS/?ll=40.386688,56.148882&rspn=1&spn=0.003,0.003', 'https://yandex.ru/maps/192/vladimir/search/m_video/?ll=40.386688,56.148882&rspn=1&spn=0.003,0.003', 'https://yandex.ru/maps/192/vladimir/search/megafon/?ll=40.386688,56.148882&rspn=1&spn=0.003,0.003', 'https://yandex.ru/maps/192/vladimir/search/mts/?ll=40.386688,56.148882&rspn=1&spn=0.003,0.003', 'https://yandex.ru/maps/192/vladimir/search/svyaznoy/?ll=40.386688,56.148882&rspn=1&spn=0.003,0.003']"
34,38,владимир,56.176925,40.45951,192,Владимир,"['https://yandex.ru/maps/192/vladimir/search/DNS/?ll=40.45951,56.176925&rspn=1&spn=0.003,0.003', 'https://yandex.ru/maps/192/vladimir/search/m_video/?ll=40.45951,56.176925&rspn=1&spn=0.003,0.003', 'https://yandex.ru/maps/192/vladimir/search/megafon/?ll=40.45951,56.176925&rspn=1&spn=0.003,0.003', 'https://yandex.ru/maps/192/vladimir/search/mts/?ll=40.45951,56.176925&rspn=1&spn=0.003,0.003', 'https://yandex.ru/maps/192/vladimir/search/svyaznoy/?ll=40.45951,56.176925&rspn=1&spn=0.003,0.003']"
35,39,владимир,56.114892,40.332488,192,Владимир,"['https://yandex.ru/maps/192/vladimir/search/DNS/?ll=40.332488,56.114892&rspn=1&spn=0.003,0.003', 'https://yandex.ru/maps/192/vladimir/search/m_video/?ll=40.332488,56.114892&rspn=1&spn=0.003,0.003', 'https://yandex.ru/maps/192/vladimir/search/megafon/?ll=40.332488,56.114892&rspn=1&spn=0.003,0.003', 'https://yandex.ru/maps/192/vladimir/search/mts/?ll=40.332488,56.114892&rspn=1&spn=0.003,0.003', 'https://yandex.ru/maps/192/vladimir/search/svyaznoy/?ll=40.332488,56.114892&rspn=1&spn=0.003,0.003']"
36,40,владимир,56.105824,40.346838,192,Владимир,"['https://yandex.ru/maps/192/vladimir/search/DNS/?ll=40.346838,56.105824&rspn=1&spn=0.003,0.003', 'https://yandex.ru/maps/192/vladimir/search/m_video/?ll=40.346838,56.105824&rspn=1&spn=0.003,0.003', 'https://yandex.ru/maps/192/vladimir/search/megafon/?ll=40.346838,56.105824&rspn=1&spn=0.003,0.003', 'https://yandex.ru/maps/192/vladimir/search/mts/?ll=40.346838,56.105824&rspn=1&spn=0.003,0.003', 'https://yandex.ru/maps/192/vladimir/search/svyaznoy/?ll=40.346838,56.105824&rspn=1&spn=0.003,0.003']"
37,41,владимир,56.14436,40.418372,192,Владимир,"['https://yandex.ru/maps/192/vladimir/search/DNS/?ll=40.418372,56.14436&rspn=1&spn=0.003,0.003', 'https://yandex.ru/maps/192/vladimir/search/m_video/?ll=40.418372,56.14436&rspn=1&spn=0.003,0.003', 'https://yandex.ru/maps/192/vladimir/search/megafon/?ll=40.418372,56.14436&rspn=1&spn=0.003,0.003', 'https://yandex.ru/maps/192/vladimir/search/mts/?ll=40.418372,56.14436&rspn=1&spn=0.003,0.003', 'https://yandex.ru/maps/192/vladimir/search/svyaznoy/?ll=40.418372,56.14436&rspn=1&spn=0.003,0.003']"
38,42,череповец,59.130291,37.92315,968,Череповец,"['https://yandex.ru/maps/968/cherepovets/search/DNS/?ll=37.92315,59.130291&rspn=1&spn=0.003,0.003', 'https://yandex.ru/maps/968/cherepovets/search/m_video/?ll=37.92315,59.130291&rspn=1&spn=0.003,0.003', 'https://yandex.ru/maps/968/cherepovets/search/megafon/?ll=37.92315,59.130291&rspn=1&spn=0.003,0.003', 'https://yandex.ru/maps/968/cherepovets/search/mts/?ll=37.92315,59.130291&rspn=1&spn=0.003,0.003', 'https://yandex.ru/maps/968/cherepovets/search/svyaznoy/?ll=37.92315,59.130291&rspn=1&spn=0.003,0.003']"
39,43,череповец,59.123306,37.929734,968,Череповец,"['https://yandex.ru/maps/968/cherepovets/search/DNS/?ll=37.929734,59.123306&rspn=1&spn=0.003,0.003', 'https://yandex.ru/maps/968/cherepovets/search/m_video/?ll=37.929734,59.123306&rspn=1&spn=0.003,0.003', 'https://yandex.ru/maps/968/cherepovets/search/megafon/?ll=37.929734,59.123306&rspn=1&spn=0.003,0.003', 'https://yandex.ru/maps/968/cherepovets/search/mts/?ll=37.929734,59.123306&rspn=1&spn=0.003,0.003', 'https://yandex.ru/maps/968/cherepovets/search/svyaznoy/?ll=37.929734,59.123306&rspn=1&spn=0.003,0.003']"
40,44,череповец,59.12015,38.000571,968,Череповец,"['https://yandex.ru/maps/968/cherepovets/search/DNS/?ll=38.000571,59.12015&rspn=1&spn=0.003,0.003', 'https://yandex.ru/maps/968/cherepovets/search/m_video/?ll=38.000571,59.12015&rspn=1&spn=0.003,0.003', 'https://yandex.ru/maps/968/cherepovets/search/megafon/?ll=38.000571,59.12015&rspn=1&spn=0.003,0.003', 'https://yandex.ru/maps/968/cherepovets/search/mts/?ll=38.000571,59.12015&rspn=1&spn=0.003,0.003', 'https://yandex.ru/maps/968/cherepovets/search/svyaznoy/?ll=38.000571,59.12015&rspn=1&spn=0.003,0.003']"
41,45,череповец,59.092426,37.906335,968,Череповец,"['https://yandex.ru/maps/968/cherepovets/search/DNS/?ll=37.906335,59.092426&rspn=1&spn=0.003,0.003', 'https://yandex.ru/maps/968/cherepovets/search/m_video/?ll=37.906335,59.092426&rspn=1&spn=0.003,0.003', 'https://yandex.ru/maps/968/cherepovets/search/megafon/?ll=37.906335,59.092426&rspn=1&spn=0.003,0.003', 'https://yandex.ru/maps/968/cherepovets/search/mts/?ll=37.906335,59.092426&rspn=1&spn=0.003,0.003', 'https://yandex.ru/maps/968/cherepovets/search/svyaznoy/?ll=37.906335,59.092426&rspn=1&spn=0.003,0.003']"
42,46,калининград,54.694495,20.502525,22,Калининград,"['https://yandex.ru/maps/22/kaliningrad/search/DNS/?ll=20.502525,54.694495&rspn=1&spn=0.003,0.003', 'https://yandex.ru/maps/22/kaliningrad/search/m_video/?ll=20.502525,54.694495&rspn=1&spn=0.003,0.003', 'https://yandex.ru/maps/22/kaliningrad/search/megafon/?ll=20.502525,54.694495&rspn=1&spn=0.003,0.003', 'https://yandex.ru/maps/22/kaliningrad/search/mts/?ll=20.502525,54.694495&rspn=1&spn=0.003,0.003', 'https://yandex.ru/maps/22/kaliningrad/search/svyaznoy/?ll=20.502525,54.694495&rspn=1&spn=0.003,0.003']"
43,47,калининград,54.709978,20.442806,22,Калининград,"['https://yandex.ru/maps/22/kaliningrad/search/DNS/?ll=20.442806,54.709978&rspn=1&spn=0.003,0.003', 'https://yandex.ru/maps/22/kaliningrad/search/m_video/?ll=20.442806,54.709978&rspn=1&spn=0.003,0.003', 'https://yandex.ru/maps/22/kaliningrad/search/megafon/?ll=20.442806,54.709978&rspn=1&spn=0.003,0.003', 'https://yandex.ru/maps/22/kaliningrad/search/mts/?ll=20.442806,54.709978&rspn=1&spn=0.003,0.003', 'https://yandex.ru/maps/22/kaliningrad/search/svyaznoy/?ll=20.442806,54.709978&rspn=1&spn=0.003,0.003']"
44,48,калининград,54.702647,20.504442,22,Калининград,"['https://yandex.ru/maps/22/kaliningrad/search/DNS/?ll=20.504442,54.702647&rspn=1&spn=0.003,0.003', 'https://yandex.ru/maps/22/kaliningrad/search/m_video/?ll=20.504442,54.702647&rspn=1&spn=0.003,0.003', 'https://yandex.ru/maps/22/kaliningrad/search/megafon/?ll=20.504442,54.702647&rspn=1&spn=0.003,0.003', 'https://yandex.ru/maps/22/kaliningrad/search/mts/?ll=20.504442,54.702647&rspn=1&spn=0.003,0.003', 'https://yandex.ru/maps/22/kaliningrad/search/svyaznoy/?ll=20.504442,54.702647&rspn=1&spn=0.003,0.003']"
45,49,калининград,54.742122,20.505879,22,Калининград,"['https://yandex.ru/maps/22/kaliningrad/search/DNS/?ll=20.505879,54.742122&rspn=1&spn=0.003,0.003', 'https://yandex.ru/maps/22/kaliningrad/search/m_video/?ll=20.505879,54.742122&rspn=1&spn=0.003,0.003', 'https://yandex.ru/maps/22/kaliningrad/search/megafon/?ll=20.505879,54.742122&rspn=1&spn=0.003,0.003', 'https://yandex.ru/maps/22/kaliningrad/search/mts/?ll=20.505879,54.742122&rspn=1&spn=0.003,0.003', 'https://yandex.ru/maps/22/kaliningrad/search/svyaznoy/?ll=20.505879,54.742122&rspn=1&spn=0.003,0.003']"
46,50,кострома,57.7411,41.004651,7,Кострома,"['https://yandex.ru/maps/7/kostroma/search/DNS/?ll=41.004651,57.7411&rspn=1&spn=0.003,0.003', 'https://yandex.ru/maps/7/kostroma/search/m_video/?ll=41.004651,57.7411&rspn=1&spn=0.003,0.003', 'https://yandex.ru/maps/7/kostroma/search/megafon/?ll=41.004651,57.7411&rspn=1&spn=0.003,0.003', 'https://yandex.ru/maps/7/kostroma/search/mts/?ll=41.004651,57.7411&rspn=1&spn=0.003,0.003', 'https://yandex.ru/maps/7/kostroma/search/svyaznoy/?ll=41.004651,57.7411&rspn=1&spn=0.003,0.003']"
47,51,кострома,57.736196,40.908643,7,Кострома,"['https://yandex.ru/maps/7/kostroma/search/DNS/?ll=40.908643,57.736196&rspn=1&spn=0.003,0.003', 'https://yandex.ru/maps/7/kostroma/search/m_video/?ll=40.908643,57.736196&rspn=1&spn=0.003,0.003', 'https://yandex.ru/maps/7/kostroma/search/megafon/?ll=40.908643,57.736196&rspn=1&spn=0.003,0.003', 'https://yandex.ru/maps/7/kostroma/search/mts/?ll=40.908643,57.736196&rspn=1&spn=0.003,0.003', 'https://yandex.ru/maps/7/kostroma/search/svyaznoy/?ll=40.908643,57.736196&rspn=1&spn=0.003,0.003']"
48,52,кострома,57.769054,40.925011,7,Кострома,"['https://yandex.ru/maps/7/kostroma/search/DNS/?ll=40.925011,57.769054&rspn=1&spn=0.003,0.003', 'https://yandex.ru/maps/7/kostroma/search/m_video/?ll=40.925011,57.769054&rspn=1&spn=0.003,0.003', 'https://yandex.ru/maps/7/kostroma/search/megafon/?ll=40.925011,57.769054&rspn=1&spn=0.003,0.003', 'https://yandex.ru/maps/7/kostroma/search/mts/?ll=40.925011,57.769054&rspn=1&spn=0.003,0.003', 'https://yandex.ru/maps/7/kostroma/search/svyaznoy/?ll=40.925011,57.769054&rspn=1&spn=0.003,0.003']"
49,53,кострома,57.775928,40.943779,7,Кострома,"['https://yandex.ru/maps/7/kostroma/search/DNS/?ll=40.943779,57.775928&rspn=1&spn=0.003,0.003', 'https://yandex.ru/maps/7/kostroma/search/m_video/?ll=40.943779,57.775928&rspn=1&spn=0.003,0.003', 'https://yandex.ru/maps/7/kostroma/search/megafon/?ll=40.943779,57.775928&rspn=1&spn=0.003,0.003', 'https://yandex.ru/maps/7/kostroma/search/mts/?ll=40.943779,57.775928&rspn=1&spn=0.003,0.003', 'https://yandex.ru/maps/7/kostroma/search/svyaznoy/?ll=40.943779,57.775928&rspn=1&spn=0.003,0.003']"
50,54,мурманск,69.004735,33.09796,23,Мурманск,"['https://yandex.ru/maps/23/murmansk/search/DNS/?ll=33.09796,69.004735&rspn=1&spn=0.003,0.003', 'https://yandex.ru/maps/23/murmansk/search/m_video/?ll=33.09796,69.004735&rspn=1&spn=0.003,0.003', 'https://yandex.ru/maps/23/murmansk/search/megafon/?ll=33.09796,69.004735&rspn=1&spn=0.003,0.003', 'https://yandex.ru/maps/23/murmansk/search/mts/?ll=33.09796,69.004735&rspn=1&spn=0.003,0.003', 'https://yandex.ru/maps/23/murmansk/search/svyaznoy/?ll=33.09796,69.004735&rspn=1&spn=0.003,0.003']"
51,55,мурманск,68.91377,33.095056,23,Мурманск,"['https://yandex.ru/maps/23/murmansk/search/DNS/?ll=33.095056,68.91377&rspn=1&spn=0.003,0.003', 'https://yandex.ru/maps/23/murmansk/search/m_video/?ll=33.095056,68.91377&rspn=1&spn=0.003,0.003', 'https://yandex.ru/maps/23/murmansk/search/megafon/?ll=33.095056,68.91377&rspn=1&spn=0.003,0.003', 'https://yandex.ru/maps/23/murmansk/search/mts/?ll=33.095056,68.91377&rspn=1&spn=0.003,0.003', 'https://yandex.ru/maps/23/murmansk/search/svyaznoy/?ll=33.095056,68.91377&rspn=1&spn=0.003,0.003']"
52,56,мурманск,68.968057,33.1003,23,Мурманск,"['https://yandex.ru/maps/23/murmansk/search/DNS/?ll=33.1003,68.968057&rspn=1&spn=0.003,0.003', 'https://yandex.ru/maps/23/murmansk/search/m_video/?ll=33.1003,68.968057&rspn=1&spn=0.003,0.003', 'https://yandex.ru/maps/23/murmansk/search/megafon/?ll=33.1003,68.968057&rspn=1&spn=0.003,0.003', 'https://yandex.ru/maps/23/murmansk/search/mts/?ll=33.1003,68.968057&rspn=1&spn=0.003,0.003', 'https://yandex.ru/maps/23/murmansk/search/svyaznoy/?ll=33.1003,68.968057&rspn=1&spn=0.003,0.003']"
53,57,мурманск,68.970496,33.071165,23,Мурманск,"['https://yandex.ru/maps/23/murmansk/search/DNS/?ll=33.071165,68.970496&rspn=1&spn=0.003,0.003', 'https://yandex.ru/maps/23/murmansk/search/m_video/?ll=33.071165,68.970496&rspn=1&spn=0.003,0.003', 'https://yandex.ru/maps/23/murmansk/search/megafon/?ll=33.071165,68.970496&rspn=1&spn=0.003,0.003', 'https://yandex.ru/maps/23/murmansk/search/mts/?ll=33.071165,68.970496&rspn=1&spn=0.003,0.003', 'https://yandex.ru/maps/23/murmansk/search/svyaznoy/?ll=33.071165,68.970496&rspn=1&spn=0.003,0.003']"
54,58,великий новгород,58.523698,31.290765,24,Великий Новгород,"['https://yandex.ru/maps/24/velikij novgorod/search/DNS/?ll=31.290765,58.523698&rspn=1&spn=0.003,0.003', 'https://yandex.ru/maps/24/velikij novgorod/search/m_video/?ll=31.290765,58.523698&rspn=1&spn=0.003,0.003', 'https://yandex.ru/maps/24/velikij novgorod/search/megafon/?ll=31.290765,58.523698&rspn=1&spn=0.003,0.003', 'https://yandex.ru/maps/24/velikij novgorod/search/mts/?ll=31.290765,58.523698&rspn=1&spn=0.003,0.003', 'https://yandex.ru/maps/24/velikij novgorod/search/svyaznoy/?ll=31.290765,58.523698&rspn=1&spn=0.003,0.003']"
55,59,великий новгород,58.538056,31.264008,24,Великий Новгород,"['https://yandex.ru/maps/24/velikij novgorod/search/DNS/?ll=31.264008,58.538056&rspn=1&spn=0.003,0.003', 'https://yandex.ru/maps/24/velikij novgorod/search/m_video/?ll=31.264008,58.538056&rspn=1&spn=0.003,0.003', 'https://yandex.ru/maps/24/velikij novgorod/search/megafon/?ll=31.264008,58.538056&rspn=1&spn=0.003,0.003', 'https://yandex.ru/maps/24/velikij novgorod/search/mts/?ll=31.264008,58.538056&rspn=1&spn=0.003,0.003', 'https://yandex.ru/maps/24/velikij novgorod/search/svyaznoy/?ll=31.264008,58.538056&rspn=1&spn=0.003,0.003']"
56,60,великий новгород,58.520986,31.267987,24,Великий Новгород,"['https://yandex.ru/maps/24/velikij novgorod/search/DNS/?ll=31.267987,58.520986&rspn=1&spn=0.003,0.003', 'https://yandex.ru/maps/24/velikij novgorod/search/m_video/?ll=31.267987,58.520986&rspn=1&spn=0.003,0.003', 'https://yandex.ru/maps/24/velikij novgorod/search/megafon/?ll=31.267987,58.520986&rspn=1&spn=0.003,0.003', 'https://yandex.ru/maps/24/velikij novgorod/search/mts/?ll=31.267987,58.520986&rspn=1&spn=0.003,0.003', 'https://yandex.ru/maps/24/velikij novgorod/search/svyaznoy/?ll=31.267987,58.520986&rspn=1&spn=0.003,0.003']"
57,61,великий новгород,58.565449,31.280259,24,Великий Новгород,"['https://yandex.ru/maps/24/velikij novgorod/search/DNS/?ll=31.280259,58.565449&rspn=1&spn=0.003,0.003', 'https://yandex.ru/maps/24/velikij novgorod/search/m_video/?ll=31.280259,58.565449&rspn=1&spn=0.003,0.003', 'https://yandex.ru/maps/24/velikij novgorod/search/megafon/?ll=31.280259,58.565449&rspn=1&spn=0.003,0.003', 'https://yandex.ru/maps/24/velikij novgorod/search/mts/?ll=31.280259,58.565449&rspn=1&spn=0.003,0.003', 'https://yandex.ru/maps/24/velikij novgorod/search/svyaznoy/?ll=31.280259,58.565449&rspn=1&spn=0.003,0.003']"
58,62,санкт_петербург,60.066482,30.33817,2,Санкт-Петербург,"['https://yandex.ru/maps/2/sankt_peterburg/search/DNS/?ll=30.33817,60.066482&rspn=1&spn=0.003,0.003', 'https://yandex.ru/maps/2/sankt_peterburg/search/m_video/?ll=30.33817,60.066482&rspn=1&spn=0.003,0.003', 'https://yandex.ru/maps/2/sankt_peterburg/search/megafon/?ll=30.33817,60.066482&rspn=1&spn=0.003,0.003', 'https://yandex.ru/maps/2/sankt_peterburg/search/mts/?ll=30.33817,60.066482&rspn=1&spn=0.003,0.003', 'https://yandex.ru/maps/2/sankt_peterburg/search/svyaznoy/?ll=30.33817,60.066482&rspn=1&spn=0.003,0.003']"
59,63,санкт_петербург,60.070049,30.334908,2,Санкт-Петербург,"['https://yandex.ru/maps/2/sankt_peterburg/search/DNS/?ll=30.334908,60.070049&rspn=1&spn=0.003,0.003', 'https://yandex.ru/maps/2/sankt_peterburg/search/m_video/?ll=30.334908,60.070049&rspn=1&spn=0.003,0.003', 'https://yandex.ru/maps/2/sankt_peterburg/search/megafon/?ll=30.334908,60.070049&rspn=1&spn=0.003,0.003', 'https://yandex.ru/maps/2/sankt_peterburg/search/mts/?ll=30.334908,60.070049&rspn=1&spn=0.003,0.003', 'https://yandex.ru/maps/2/sankt_peterburg/search/svyaznoy/?ll=30.334908,60.070049&rspn=1&spn=0.003,0.003']"
60,64,санкт_петербург,60.033502,30.368173,2,Санкт-Петербург,"['https://yandex.ru/maps/2/sankt_peterburg/search/DNS/?ll=30.368173,60.033502&rspn=1&spn=0.003,0.003', 'https://yandex.ru/maps/2/sankt_peterburg/search/m_video/?ll=30.368173,60.033502&rspn=1&spn=0.003,0.003', 'https://yandex.ru/maps/2/sankt_peterburg/search/megafon/?ll=30.368173,60.033502&rspn=1&spn=0.003,0.003', 'https://yandex.ru/maps/2/sankt_peterburg/search/mts/?ll=30.368173,60.033502&rspn=1&spn=0.003,0.003', 'https://yandex.ru/maps/2/sankt_peterburg/search/svyaznoy/?ll=30.368173,60.033502&rspn=1&spn=0.003,0.003']"
61,65,санкт_петербург,60.052703,30.331193,2,Санкт-Петербург,"['https://yandex.ru/maps/2/sankt_peterburg/search/DNS/?ll=30.331193,60.052703&rspn=1&spn=0.003,0.003', 'https://yandex.ru/maps/2/sankt_peterburg/search/m_video/?ll=30.331193,60.052703&rspn=1&spn=0.003,0.003', 'https://yandex.ru/maps/2/sankt_peterburg/search/megafon/?ll=30.331193,60.052703&rspn=1&spn=0.003,0.003', 'https://yandex.ru/maps/2/sankt_peterburg/search/mts/?ll=30.331193,60.052703&rspn=1&spn=0.003,0.003', 'https://yandex.ru/maps/2/sankt_peterburg/search/svyaznoy/?ll=30.331193,60.052703&rspn=1&spn=0.003,0.003']"
62,66,тверь,56.814503,35.88482,14,Тверь,"[""https://yandex.ru/maps/14/tver'/search/DNS/?ll=35.88482,56.814503&rspn=1&spn=0.003,0.003"", ""https://yandex.ru/maps/14/tver'/search/m_video/?ll=35.88482,56.814503&rspn=1&spn=0.003,0.003"", ""https://yandex.ru/maps/14/tver'/search/megafon/?ll=35.88482,56.814503&rspn=1&spn=0.003,0.003"", ""https://yandex.ru/maps/14/tver'/search/mts/?ll=35.88482,56.814503&rspn=1&spn=0.003,0.003"", ""https://yandex.ru/maps/14/tver'/search/svyaznoy/?ll=35.88482,56.814503&rspn=1&spn=0.003,0.003""]"
63,67,тверь,56.821363,35.898988,14,Тверь,"[""https://yandex.ru/maps/14/tver'/search/DNS/?ll=35.898988,56.821363&rspn=1&spn=0.003,0.003"", ""https://yandex.ru/maps/14/tver'/search/m_video/?ll=35.898988,56.821363&rspn=1&spn=0.003,0.003"", ""https://yandex.ru/maps/14/tver'/search/megafon/?ll=35.898988,56.821363&rspn=1&spn=0.003,0.003"", ""https://yandex.ru/maps/14/tver'/search/mts/?ll=35.898988,56.821363&rspn=1&spn=0.003,0.003"", ""https://yandex.ru/maps/14/tver'/search/svyaznoy/?ll=35.898988,56.821363&rspn=1&spn=0.003,0.003""]"
64,68,тверь,56.847587,35.906455,14,Тверь,"[""https://yandex.ru/maps/14/tver'/search/DNS/?ll=35.906455,56.847587&rspn=1&spn=0.003,0.003"", ""https://yandex.ru/maps/14/tver'/search/m_video/?ll=35.906455,56.847587&rspn=1&spn=0.003,0.003"", ""https://yandex.ru/maps/14/tver'/search/megafon/?ll=35.906455,56.847587&rspn=1&spn=0.003,0.003"", ""https://yandex.ru/maps/14/tver'/search/mts/?ll=35.906455,56.847587&rspn=1&spn=0.003,0.003"", ""https://yandex.ru/maps/14/tver'/search/svyaznoy/?ll=35.906455,56.847587&rspn=1&spn=0.003,0.003""]"
65,69,тверь,56.83855,35.932544,14,Тверь,"[""https://yandex.ru/maps/14/tver'/search/DNS/?ll=35.932544,56.83855&rspn=1&spn=0.003,0.003"", ""https://yandex.ru/maps/14/tver'/search/m_video/?ll=35.932544,56.83855&rspn=1&spn=0.003,0.003"", ""https://yandex.ru/maps/14/tver'/search/megafon/?ll=35.932544,56.83855&rspn=1&spn=0.003,0.003"", ""https://yandex.ru/maps/14/tver'/search/mts/?ll=35.932544,56.83855&rspn=1&spn=0.003,0.003"", ""https://yandex.ru/maps/14/tver'/search/svyaznoy/?ll=35.932544,56.83855&rspn=1&spn=0.003,0.003""]"
66,70,тула,54.152167,37.583401,15,Тула,"['https://yandex.ru/maps/15/tula/search/DNS/?ll=37.583401,54.152167&rspn=1&spn=0.003,0.003', 'https://yandex.ru/maps/15/tula/search/m_video/?ll=37.583401,54.152167&rspn=1&spn=0.003,0.003', 'https://yandex.ru/maps/15/tula/search/megafon/?ll=37.583401,54.152167&rspn=1&spn=0.003,0.003', 'https://yandex.ru/maps/15/tula/search/mts/?ll=37.583401,54.152167&rspn=1&spn=0.003,0.003', 'https://yandex.ru/maps/15/tula/search/svyaznoy/?ll=37.583401,54.152167&rspn=1&spn=0.003,0.003']"
67,71,тула,54.196786,37.602024,15,Тула,"['https://yandex.ru/maps/15/tula/search/DNS/?ll=37.602024,54.196786&rspn=1&spn=0.003,0.003', 'https://yandex.ru/maps/15/tula/search/m_video/?ll=37.602024,54.196786&rspn=1&spn=0.003,0.003', 'https://yandex.ru/maps/15/tula/search/megafon/?ll=37.602024,54.196786&rspn=1&spn=0.003,0.003', 'https://yandex.ru/maps/15/tula/search/mts/?ll=37.602024,54.196786&rspn=1&spn=0.003,0.003', 'https://yandex.ru/maps/15/tula/search/svyaznoy/?ll=37.602024,54.196786&rspn=1&spn=0.003,0.003']"
68,72,тула,54.196518,37.610543,15,Тула,"['https://yandex.ru/maps/15/tula/search/DNS/?ll=37.610543,54.196518&rspn=1&spn=0.003,0.003', 'https://yandex.ru/maps/15/tula/search/m_video/?ll=37.610543,54.196518&rspn=1&spn=0.003,0.003', 'https://yandex.ru/maps/15/tula/search/megafon/?ll=37.610543,54.196518&rspn=1&spn=0.003,0.003', 'https://yandex.ru/maps/15/tula/search/mts/?ll=37.610543,54.196518&rspn=1&spn=0.003,0.003', 'https://yandex.ru/maps/15/tula/search/svyaznoy/?ll=37.610543,54.196518&rspn=1&spn=0.003,0.003']"
69,73,тула,54.190858,37.615469,15,Тула,"['https://yandex.ru/maps/15/tula/search/DNS/?ll=37.615469,54.190858&rspn=1&spn=0.003,0.003', 'https://yandex.ru/maps/15/tula/search/m_video/?ll=37.615469,54.190858&rspn=1&spn=0.003,0.003', 'https://yandex.ru/maps/15/tula/search/megafon/?ll=37.615469,54.190858&rspn=1&spn=0.003,0.003', 'https://yandex.ru/maps/15/tula/search/mts/?ll=37.615469,54.190858&rspn=1&spn=0.003,0.003', 'https://yandex.ru/maps/15/tula/search/svyaznoy/?ll=37.615469,54.190858&rspn=1&spn=0.003,0.003']"
70,78,москва,55.794019,37.492027,213,Москва,"['https://yandex.ru/maps/213/moskva/search/DNS/?ll=37.492027,55.794019&rspn=1&spn=0.003,0.003', 'https://yandex.ru/maps/213/moskva/search/m_video/?ll=37.492027,55.794019&rspn=1&spn=0.003,0.003', 'https://yandex.ru/maps/213/moskva/search/megafon/?ll=37.492027,55.794019&rspn=1&spn=0.003,0.003', 'https://yandex.ru/maps/213/moskva/search/mts/?ll=37.492027,55.794019&rspn=1&spn=0.003,0.003', 'https://yandex.ru/maps/213/moskva/search/svyaznoy/?ll=37.492027,55.794019&rspn=1&spn=0.003,0.003']"
71,79,москва,55.82666,37.44479,213,Москва,"['https://yandex.ru/maps/213/moskva/search/DNS/?ll=37.44479,55.82666&rspn=1&spn=0.003,0.003', 'https://yandex.ru/maps/213/moskva/search/m_video/?ll=37.44479,55.82666&rspn=1&spn=0.003,0.003', 'https://yandex.ru/maps/213/moskva/search/megafon/?ll=37.44479,55.82666&rspn=1&spn=0.003,0.003', 'https://yandex.ru/maps/213/moskva/search/mts/?ll=37.44479,55.82666&rspn=1&spn=0.003,0.003', 'https://yandex.ru/maps/213/moskva/search/svyaznoy/?ll=37.44479,55.82666&rspn=1&spn=0.003,0.003']"
72,80,москва,55.912999,37.583974,213,Москва,"['https://yandex.ru/maps/213/moskva/search/DNS/?ll=37.583974,55.912999&rspn=1&spn=0.003,0.003', 'https://yandex.ru/maps/213/moskva/search/m_video/?ll=37.583974,55.912999&rspn=1&spn=0.003,0.003', 'https://yandex.ru/maps/213/moskva/search/megafon/?ll=37.583974,55.912999&rspn=1&spn=0.003,0.003', 'https://yandex.ru/maps/213/moskva/search/mts/?ll=37.583974,55.912999&rspn=1&spn=0.003,0.003', 'https://yandex.ru/maps/213/moskva/search/svyaznoy/?ll=37.583974,55.912999&rspn=1&spn=0.003,0.003']"
73,81,москва,55.908438,37.539612,213,Москва,"['https://yandex.ru/maps/213/moskva/search/DNS/?ll=37.539612,55.908438&rspn=1&spn=0.003,0.003', 'https://yandex.ru/maps/213/moskva/search/m_video/?ll=37.539612,55.908438&rspn=1&spn=0.003,0.003', 'https://yandex.ru/maps/213/moskva/search/megafon/?ll=37.539612,55.908438&rspn=1&spn=0.003,0.003', 'https://yandex.ru/maps/213/moskva/search/mts/?ll=37.539612,55.908438&rspn=1&spn=0.003,0.003', 'https://yandex.ru/maps/213/moskva/search/svyaznoy/?ll=37.539612,55.908438&rspn=1&spn=0.003,0.003']"
74,82,барнаул,53.335256,83.775402,197,Барнаул,"['https://yandex.ru/maps/197/barnaul/search/DNS/?ll=83.775402,53.335256&rspn=1&spn=0.003,0.003', 'https://yandex.ru/maps/197/barnaul/search/m_video/?ll=83.775402,53.335256&rspn=1&spn=0.003,0.003', 'https://yandex.ru/maps/197/barnaul/search/megafon/?ll=83.775402,53.335256&rspn=1&spn=0.003,0.003', 'https://yandex.ru/maps/197/barnaul/search/mts/?ll=83.775402,53.335256&rspn=1&spn=0.003,0.003', 'https://yandex.ru/maps/197/barnaul/search/svyaznoy/?ll=83.775402,53.335256&rspn=1&spn=0.003,0.003']"
75,83,барнаул,53.362251,83.76405,197,Барнаул,"['https://yandex.ru/maps/197/barnaul/search/DNS/?ll=83.76405,53.362251&rspn=1&spn=0.003,0.003', 'https://yandex.ru/maps/197/barnaul/search/m_video/?ll=83.76405,53.362251&rspn=1&spn=0.003,0.003', 'https://yandex.ru/maps/197/barnaul/search/megafon/?ll=83.76405,53.362251&rspn=1&spn=0.003,0.003', 'https://yandex.ru/maps/197/barnaul/search/mts/?ll=83.76405,53.362251&rspn=1&spn=0.003,0.003', 'https://yandex.ru/maps/197/barnaul/search/svyaznoy/?ll=83.76405,53.362251&rspn=1&spn=0.003,0.003']"
76,84,барнаул,53.251688,83.686239,197,Барнаул,"['https://yandex.ru/maps/197/barnaul/search/DNS/?ll=83.686239,53.251688&rspn=1&spn=0.003,0.003', 'https://yandex.ru/maps/197/barnaul/search/m_video/?ll=83.686239,53.251688&rspn=1&spn=0.003,0.003', 'https://yandex.ru/maps/197/barnaul/search/megafon/?ll=83.686239,53.251688&rspn=1&spn=0.003,0.003', 'https://yandex.ru/maps/197/barnaul/search/mts/?ll=83.686239,53.251688&rspn=1&spn=0.003,0.003', 'https://yandex.ru/maps/197/barnaul/search/svyaznoy/?ll=83.686239,53.251688&rspn=1&spn=0.003,0.003']"
77,85,барнаул,53.338307,83.652091,197,Барнаул,"['https://yandex.ru/maps/197/barnaul/search/DNS/?ll=83.652091,53.338307&rspn=1&spn=0.003,0.003', 'https://yandex.ru/maps/197/barnaul/search/m_video/?ll=83.652091,53.338307&rspn=1&spn=0.003,0.003', 'https://yandex.ru/maps/197/barnaul/search/megafon/?ll=83.652091,53.338307&rspn=1&spn=0.003,0.003', 'https://yandex.ru/maps/197/barnaul/search/mts/?ll=83.652091,53.338307&rspn=1&spn=0.003,0.003', 'https://yandex.ru/maps/197/barnaul/search/svyaznoy/?ll=83.652091,53.338307&rspn=1&spn=0.003,0.003']"
78,86,новокузнецк,53.8927,87.113988,237,Новокузнецк,"['https://yandex.ru/maps/237/novokuznetsk/search/DNS/?ll=87.113988,53.8927&rspn=1&spn=0.003,0.003', 'https://yandex.ru/maps/237/novokuznetsk/search/m_video/?ll=87.113988,53.8927&rspn=1&spn=0.003,0.003', 'https://yandex.ru/maps/237/novokuznetsk/search/megafon/?ll=87.113988,53.8927&rspn=1&spn=0.003,0.003', 'https://yandex.ru/maps/237/novokuznetsk/search/mts/?ll=87.113988,53.8927&rspn=1&spn=0.003,0.003', 'https://yandex.ru/maps/237/novokuznetsk/search/svyaznoy/?ll=87.113988,53.8927&rspn=1&spn=0.003,0.003']"
79,87,новокузнецк,53.898708,87.128327,237,Новокузнецк,"['https://yandex.ru/maps/237/novokuznetsk/search/DNS/?ll=87.128327,53.898708&rspn=1&spn=0.003,0.003', 'https://yandex.ru/maps/237/novokuznetsk/search/m_video/?ll=87.128327,53.898708&rspn=1&spn=0.003,0.003', 'https://yandex.ru/maps/237/novokuznetsk/search/megafon/?ll=87.128327,53.898708&rspn=1&spn=0.003,0.003', 'https://yandex.ru/maps/237/novokuznetsk/search/mts/?ll=87.128327,53.898708&rspn=1&spn=0.003,0.003', 'https://yandex.ru/maps/237/novokuznetsk/search/svyaznoy/?ll=87.128327,53.898708&rspn=1&spn=0.003,0.003']"
80,88,новокузнецк,53.76789,87.133636,237,Новокузнецк,"['https://yandex.ru/maps/237/novokuznetsk/search/DNS/?ll=87.133636,53.76789&rspn=1&spn=0.003,0.003', 'https://yandex.ru/maps/237/novokuznetsk/search/m_video/?ll=87.133636,53.76789&rspn=1&spn=0.003,0.003', 'https://yandex.ru/maps/237/novokuznetsk/search/megafon/?ll=87.133636,53.76789&rspn=1&spn=0.003,0.003', 'https://yandex.ru/maps/237/novokuznetsk/search/mts/?ll=87.133636,53.76789&rspn=1&spn=0.003,0.003', 'https://yandex.ru/maps/237/novokuznetsk/search/svyaznoy/?ll=87.133636,53.76789&rspn=1&spn=0.003,0.003']"
81,89,новокузнецк,53.780323,87.126015,237,Новокузнецк,"['https://yandex.ru/maps/237/novokuznetsk/search/DNS/?ll=87.126015,53.780323&rspn=1&spn=0.003,0.003', 'https://yandex.ru/maps/237/novokuznetsk/search/m_video/?ll=87.126015,53.780323&rspn=1&spn=0.003,0.003', 'https://yandex.ru/maps/237/novokuznetsk/search/megafon/?ll=87.126015,53.780323&rspn=1&spn=0.003,0.003', 'https://yandex.ru/maps/237/novokuznetsk/search/mts/?ll=87.126015,53.780323&rspn=1&spn=0.003,0.003', 'https://yandex.ru/maps/237/novokuznetsk/search/svyaznoy/?ll=87.126015,53.780323&rspn=1&spn=0.003,0.003']"
82,90,кемерово,55.344124,86.083743,64,Кемерово,"['https://yandex.ru/maps/64/kemerovo/search/DNS/?ll=86.083743,55.344124&rspn=1&spn=0.003,0.003', 'https://yandex.ru/maps/64/kemerovo/search/m_video/?ll=86.083743,55.344124&rspn=1&spn=0.003,0.003', 'https://yandex.ru/maps/64/kemerovo/search/megafon/?ll=86.083743,55.344124&rspn=1&spn=0.003,0.003', 'https://yandex.ru/maps/64/kemerovo/search/mts/?ll=86.083743,55.344124&rspn=1&spn=0.003,0.003', 'https://yandex.ru/maps/64/kemerovo/search/svyaznoy/?ll=86.083743,55.344124&rspn=1&spn=0.003,0.003']"
83,91,кемерово,55.339557,86.172077,64,Кемерово,"['https://yandex.ru/maps/64/kemerovo/search/DNS/?ll=86.172077,55.339557&rspn=1&spn=0.003,0.003', 'https://yandex.ru/maps/64/kemerovo/search/m_video/?ll=86.172077,55.339557&rspn=1&spn=0.003,0.003', 'https://yandex.ru/maps/64/kemerovo/search/megafon/?ll=86.172077,55.339557&rspn=1&spn=0.003,0.003', 'https://yandex.ru/maps/64/kemerovo/search/mts/?ll=86.172077,55.339557&rspn=1&spn=0.003,0.003', 'https://yandex.ru/maps/64/kemerovo/search/svyaznoy/?ll=86.172077,55.339557&rspn=1&spn=0.003,0.003']"
84,92,кемерово,55.343955,86.181321,64,Кемерово,"['https://yandex.ru/maps/64/kemerovo/search/DNS/?ll=86.181321,55.343955&rspn=1&spn=0.003,0.003', 'https://yandex.ru/maps/64/kemerovo/search/m_video/?ll=86.181321,55.343955&rspn=1&spn=0.003,0.003', 'https://yandex.ru/maps/64/kemerovo/search/megafon/?ll=86.181321,55.343955&rspn=1&spn=0.003,0.003', 'https://yandex.ru/maps/64/kemerovo/search/mts/?ll=86.181321,55.343955&rspn=1&spn=0.003,0.003', 'https://yandex.ru/maps/64/kemerovo/search/svyaznoy/?ll=86.181321,55.343955&rspn=1&spn=0.003,0.003']"
85,93,кемерово,55.399656,86.117917,64,Кемерово,"['https://yandex.ru/maps/64/kemerovo/search/DNS/?ll=86.117917,55.399656&rspn=1&spn=0.003,0.003', 'https://yandex.ru/maps/64/kemerovo/search/m_video/?ll=86.117917,55.399656&rspn=1&spn=0.003,0.003', 'https://yandex.ru/maps/64/kemerovo/search/megafon/?ll=86.117917,55.399656&rspn=1&spn=0.003,0.003', 'https://yandex.ru/maps/64/kemerovo/search/mts/?ll=86.117917,55.399656&rspn=1&spn=0.003,0.003', 'https://yandex.ru/maps/64/kemerovo/search/svyaznoy/?ll=86.117917,55.399656&rspn=1&spn=0.003,0.003']"
86,98,новосибирск,54.941902,82.9233,65,Новосибирск,"['https://yandex.ru/maps/65/novosibirsk/search/DNS/?ll=82.9233,54.941902&rspn=1&spn=0.003,0.003', 'https://yandex.ru/maps/65/novosibirsk/search/m_video/?ll=82.9233,54.941902&rspn=1&spn=0.003,0.003', 'https://yandex.ru/maps/65/novosibirsk/search/megafon/?ll=82.9233,54.941902&rspn=1&spn=0.003,0.003', 'https://yandex.ru/maps/65/novosibirsk/search/mts/?ll=82.9233,54.941902&rspn=1&spn=0.003,0.003', 'https://yandex.ru/maps/65/novosibirsk/search/svyaznoy/?ll=82.9233,54.941902&rspn=1&spn=0.003,0.003']"
87,99,новосибирск,54.964199,82.936507,65,Новосибирск,"['https://yandex.ru/maps/65/novosibirsk/search/DNS/?ll=82.936507,54.964199&rspn=1&spn=0.003,0.003', 'https://yandex.ru/maps/65/novosibirsk/search/m_video/?ll=82.936507,54.964199&rspn=1&spn=0.003,0.003', 'https://yandex.ru/maps/65/novosibirsk/search/megafon/?ll=82.936507,54.964199&rspn=1&spn=0.003,0.003', 'https://yandex.ru/maps/65/novosibirsk/search/mts/?ll=82.936507,54.964199&rspn=1&spn=0.003,0.003', 'https://yandex.ru/maps/65/novosibirsk/search/svyaznoy/?ll=82.936507,54.964199&rspn=1&spn=0.003,0.003']"
88,100,новосибирск,55.013268,82.953092,65,Новосибирск,"['https://yandex.ru/maps/65/novosibirsk/search/DNS/?ll=82.953092,55.013268&rspn=1&spn=0.003,0.003', 'https://yandex.ru/maps/65/novosibirsk/search/m_video/?ll=82.953092,55.013268&rspn=1&spn=0.003,0.003', 'https://yandex.ru/maps/65/novosibirsk/search/megafon/?ll=82.953092,55.013268&rspn=1&spn=0.003,0.003', 'https://yandex.ru/maps/65/novosibirsk/search/mts/?ll=82.953092,55.013268&rspn=1&spn=0.003,0.003', 'https://yandex.ru/maps/65/novosibirsk/search/svyaznoy/?ll=82.953092,55.013268&rspn=1&spn=0.003,0.003']"
89,101,новосибирск,55.011173,82.958808,65,Новосибирск,"['https://yandex.ru/maps/65/novosibirsk/search/DNS/?ll=82.958808,55.011173&rspn=1&spn=0.003,0.003', 'https://yandex.ru/maps/65/novosibirsk/search/m_video/?ll=82.958808,55.011173&rspn=1&spn=0.003,0.003', 'https://yandex.ru/maps/65/novosibirsk/search/megafon/?ll=82.958808,55.011173&rspn=1&spn=0.003,0.003', 'https://yandex.ru/maps/65/novosibirsk/search/mts/?ll=82.958808,55.011173&rspn=1&spn=0.003,0.003', 'https://yandex.ru/maps/65/novosibirsk/search/svyaznoy/?ll=82.958808,55.011173&rspn=1&spn=0.003,0.003']"
90,102,омск,55.026311,73.414042,66,Омск,"['https://yandex.ru/maps/66/omsk/search/DNS/?ll=73.414042,55.026311&rspn=1&spn=0.003,0.003', 'https://yandex.ru/maps/66/omsk/search/m_video/?ll=73.414042,55.026311&rspn=1&spn=0.003,0.003', 'https://yandex.ru/maps/66/omsk/search/megafon/?ll=73.414042,55.026311&rspn=1&spn=0.003,0.003', 'https://yandex.ru/maps/66/omsk/search/mts/?ll=73.414042,55.026311&rspn=1&spn=0.003,0.003', 'https://yandex.ru/maps/66/omsk/search/svyaznoy/?ll=73.414042,55.026311&rspn=1&spn=0.003,0.003']"
91,103,омск,54.938692,73.382968,66,Омск,"['https://yandex.ru/maps/66/omsk/search/DNS/?ll=73.382968,54.938692&rspn=1&spn=0.003,0.003', 'https://yandex.ru/maps/66/omsk/search/m_video/?ll=73.382968,54.938692&rspn=1&spn=0.003,0.003', 'https://yandex.ru/maps/66/omsk/search/megafon/?ll=73.382968,54.938692&rspn=1&spn=0.003,0.003', 'https://yandex.ru/maps/66/omsk/search/mts/?ll=73.382968,54.938692&rspn=1&spn=0.003,0.003', 'https://yandex.ru/maps/66/omsk/search/svyaznoy/?ll=73.382968,54.938692&rspn=1&spn=0.003,0.003']"
92,104,омск,54.940699,73.378443,66,Омск,"['https://yandex.ru/maps/66/omsk/search/DNS/?ll=73.378443,54.940699&rspn=1&spn=0.003,0.003', 'https://yandex.ru/maps/66/omsk/search/m_video/?ll=73.378443,54.940699&rspn=1&spn=0.003,0.003', 'https://yandex.ru/maps/66/omsk/search/megafon/?ll=73.378443,54.940699&rspn=1&spn=0.003,0.003', 'https://yandex.ru/maps/66/omsk/search/mts/?ll=73.378443,54.940699&rspn=1&spn=0.003,0.003', 'https://yandex.ru/maps/66/omsk/search/svyaznoy/?ll=73.378443,54.940699&rspn=1&spn=0.003,0.003']"
93,105,омск,54.992774,73.267584,66,Омск,"['https://yandex.ru/maps/66/omsk/search/DNS/?ll=73.267584,54.992774&rspn=1&spn=0.003,0.003', 'https://yandex.ru/maps/66/omsk/search/m_video/?ll=73.267584,54.992774&rspn=1&spn=0.003,0.003', 'https://yandex.ru/maps/66/omsk/search/megafon/?ll=73.267584,54.992774&rspn=1&spn=0.003,0.003', 'https://yandex.ru/maps/66/omsk/search/mts/?ll=73.267584,54.992774&rspn=1&spn=0.003,0.003', 'https://yandex.ru/maps/66/omsk/search/svyaznoy/?ll=73.267584,54.992774&rspn=1&spn=0.003,0.003']"
94,106,томск,56.455036,84.973173,67,Томск,"['https://yandex.ru/maps/67/tomsk/search/DNS/?ll=84.973173,56.455036&rspn=1&spn=0.003,0.003', 'https://yandex.ru/maps/67/tomsk/search/m_video/?ll=84.973173,56.455036&rspn=1&spn=0.003,0.003', 'https://yandex.ru/maps/67/tomsk/search/megafon/?ll=84.973173,56.455036&rspn=1&spn=0.003,0.003', 'https://yandex.ru/maps/67/tomsk/search/mts/?ll=84.973173,56.455036&rspn=1&spn=0.003,0.003', 'https://yandex.ru/maps/67/tomsk/search/svyaznoy/?ll=84.973173,56.455036&rspn=1&spn=0.003,0.003']"
95,107,томск,56.458161,84.951621,67,Томск,"['https://yandex.ru/maps/67/tomsk/search/DNS/?ll=84.951621,56.458161&rspn=1&spn=0.003,0.003', 'https://yandex.ru/maps/67/tomsk/search/m_video/?ll=84.951621,56.458161&rspn=1&spn=0.003,0.003', 'https://yandex.ru/maps/67/tomsk/search/megafon/?ll=84.951621,56.458161&rspn=1&spn=0.003,0.003', 'https://yandex.ru/maps/67/tomsk/search/mts/?ll=84.951621,56.458161&rspn=1&spn=0.003,0.003', 'https://yandex.ru/maps/67/tomsk/search/svyaznoy/?ll=84.951621,56.458161&rspn=1&spn=0.003,0.003']"
96,108,томск,56.459533,84.965534,67,Томск,"['https://yandex.ru/maps/67/tomsk/search/DNS/?ll=84.965534,56.459533&rspn=1&spn=0.003,0.003', 'https://yandex.ru/maps/67/tomsk/search/m_video/?ll=84.965534,56.459533&rspn=1&spn=0.003,0.003', 'https://yandex.ru/maps/67/tomsk/search/megafon/?ll=84.965534,56.459533&rspn=1&spn=0.003,0.003', 'https://yandex.ru/maps/67/tomsk/search/mts/?ll=84.965534,56.459533&rspn=1&spn=0.003,0.003', 'https://yandex.ru/maps/67/tomsk/search/svyaznoy/?ll=84.965534,56.459533&rspn=1&spn=0.003,0.003']"
97,109,томск,56.498485,84.948772,67,Томск,"['https://yandex.ru/maps/67/tomsk/search/DNS/?ll=84.948772,56.498485&rspn=1&spn=0.003,0.003', 'https://yandex.ru/maps/67/tomsk/search/m_video/?ll=84.948772,56.498485&rspn=1&spn=0.003,0.003', 'https://yandex.ru/maps/67/tomsk/search/megafon/?ll=84.948772,56.498485&rspn=1&spn=0.003,0.003', 'https://yandex.ru/maps/67/tomsk/search/mts/?ll=84.948772,56.498485&rspn=1&spn=0.003,0.003', 'https://yandex.ru/maps/67/tomsk/search/svyaznoy/?ll=84.948772,56.498485&rspn=1&spn=0.003,0.003']"
98,110,екатеринбург,56.920084,60.614641,54,Екатеринбург,"['https://yandex.ru/maps/54/ekaterinburg/search/DNS/?ll=60.614641,56.920084&rspn=1&spn=0.003,0.003', 'https://yandex.ru/maps/54/ekaterinburg/search/m_video/?ll=60.614641,56.920084&rspn=1&spn=0.003,0.003', 'https://yandex.ru/maps/54/ekaterinburg/search/megafon/?ll=60.614641,56.920084&rspn=1&spn=0.003,0.003', 'https://yandex.ru/maps/54/ekaterinburg/search/mts/?ll=60.614641,56.920084&rspn=1&spn=0.003,0.003', 'https://yandex.ru/maps/54/ekaterinburg/search/svyaznoy/?ll=60.614641,56.920084&rspn=1&spn=0.003,0.003']"
99,111,екатеринбург,56.753938,60.700958,54,Екатеринбург,"['https://yandex.ru/maps/54/ekaterinburg/search/DNS/?ll=60.700958,56.753938&rspn=1&spn=0.003,0.003', 'https://yandex.ru/maps/54/ekaterinburg/search/m_video/?ll=60.700958,56.753938&rspn=1&spn=0.003,0.003', 'https://yandex.ru/maps/54/ekaterinburg/search/megafon/?ll=60.700958,56.753938&rspn=1&spn=0.003,0.003', 'https://yandex.ru/maps/54/ekaterinburg/search/mts/?ll=60.700958,56.753938&rspn=1&spn=0.003,0.003', 'https://yandex.ru/maps/54/ekaterinburg/search/svyaznoy/?ll=60.700958,56.753938&rspn=1&spn=0.003,0.003']"
100,112,екатеринбург,56.834514,60.683021,54,Екатеринбург,"['https://yandex.ru/maps/54/ekaterinburg/search/DNS/?ll=60.683021,56.834514&rspn=1&spn=0.003,0.003', 'https://yandex.ru/maps/54/ekaterinburg/search/m_video/?ll=60.683021,56.834514&rspn=1&spn=0.003,0.003', 'https://yandex.ru/maps/54/ekaterinburg/search/megafon/?ll=60.683021,56.834514&rspn=1&spn=0.003,0.003', 'https://yandex.ru/maps/54/ekaterinburg/search/mts/?ll=60.683021,56.834514&rspn=1&spn=0.003,0.003', 'https://yandex.ru/maps/54/ekaterinburg/search/svyaznoy/?ll=60.683021,56.834514&rspn=1&spn=0.003,0.003']"
101,113,екатеринбург,56.769315,60.614342,54,Екатеринбург,"['https://yandex.ru/maps/54/ekaterinburg/search/DNS/?ll=60.614342,56.769315&rspn=1&spn=0.003,0.003', 'https://yandex.ru/maps/54/ekaterinburg/search/m_video/?ll=60.614342,56.769315&rspn=1&spn=0.003,0.003', 'https://yandex.ru/maps/54/ekaterinburg/search/megafon/?ll=60.614342,56.769315&rspn=1&spn=0.003,0.003', 'https://yandex.ru/maps/54/ekaterinburg/search/mts/?ll=60.614342,56.769315&rspn=1&spn=0.003,0.003', 'https://yandex.ru/maps/54/ekaterinburg/search/svyaznoy/?ll=60.614342,56.769315&rspn=1&spn=0.003,0.003']"
102,118,ижевск,56.839697,53.210633,44,Ижевск,"['https://yandex.ru/maps/44/izhevsk/search/DNS/?ll=53.210633,56.839697&rspn=1&spn=0.003,0.003', 'https://yandex.ru/maps/44/izhevsk/search/m_video/?ll=53.210633,56.839697&rspn=1&spn=0.003,0.003', 'https://yandex.ru/maps/44/izhevsk/search/megafon/?ll=53.210633,56.839697&rspn=1&spn=0.003,0.003', 'https://yandex.ru/maps/44/izhevsk/search/mts/?ll=53.210633,56.839697&rspn=1&spn=0.003,0.003', 'https://yandex.ru/maps/44/izhevsk/search/svyaznoy/?ll=53.210633,56.839697&rspn=1&spn=0.003,0.003']"
103,119,ижевск,56.846108,53.289329,44,Ижевск,"['https://yandex.ru/maps/44/izhevsk/search/DNS/?ll=53.289329,56.846108&rspn=1&spn=0.003,0.003', 'https://yandex.ru/maps/44/izhevsk/search/m_video/?ll=53.289329,56.846108&rspn=1&spn=0.003,0.003', 'https://yandex.ru/maps/44/izhevsk/search/megafon/?ll=53.289329,56.846108&rspn=1&spn=0.003,0.003', 'https://yandex.ru/maps/44/izhevsk/search/mts/?ll=53.289329,56.846108&rspn=1&spn=0.003,0.003', 'https://yandex.ru/maps/44/izhevsk/search/svyaznoy/?ll=53.289329,56.846108&rspn=1&spn=0.003,0.003']"
104,120,ижевск,56.872167,53.292247,44,Ижевск,"['https://yandex.ru/maps/44/izhevsk/search/DNS/?ll=53.292247,56.872167&rspn=1&spn=0.003,0.003', 'https://yandex.ru/maps/44/izhevsk/search/m_video/?ll=53.292247,56.872167&rspn=1&spn=0.003,0.003', 'https://yandex.ru/maps/44/izhevsk/search/megafon/?ll=53.292247,56.872167&rspn=1&spn=0.003,0.003', 'https://yandex.ru/maps/44/izhevsk/search/mts/?ll=53.292247,56.872167&rspn=1&spn=0.003,0.003', 'https://yandex.ru/maps/44/izhevsk/search/svyaznoy/?ll=53.292247,56.872167&rspn=1&spn=0.003,0.003']"
105,121,ижевск,56.865823,53.222004,44,Ижевск,"['https://yandex.ru/maps/44/izhevsk/search/DNS/?ll=53.222004,56.865823&rspn=1&spn=0.003,0.003', 'https://yandex.ru/maps/44/izhevsk/search/m_video/?ll=53.222004,56.865823&rspn=1&spn=0.003,0.003', 'https://yandex.ru/maps/44/izhevsk/search/megafon/?ll=53.222004,56.865823&rspn=1&spn=0.003,0.003', 'https://yandex.ru/maps/44/izhevsk/search/mts/?ll=53.222004,56.865823&rspn=1&spn=0.003,0.003', 'https://yandex.ru/maps/44/izhevsk/search/svyaznoy/?ll=53.222004,56.865823&rspn=1&spn=0.003,0.003']"
106,122,казань,55.819081,49.184124,43,Казань,"[""https://yandex.ru/maps/43/kazan'/search/DNS/?ll=49.184124,55.819081&rspn=1&spn=0.003,0.003"", ""https://yandex.ru/maps/43/kazan'/search/m_video/?ll=49.184124,55.819081&rspn=1&spn=0.003,0.003"", ""https://yandex.ru/maps/43/kazan'/search/megafon/?ll=49.184124,55.819081&rspn=1&spn=0.003,0.003"", ""https://yandex.ru/maps/43/kazan'/search/mts/?ll=49.184124,55.819081&rspn=1&spn=0.003,0.003"", ""https://yandex.ru/maps/43/kazan'/search/svyaznoy/?ll=49.184124,55.819081&rspn=1&spn=0.003,0.003""]"
107,123,казань,55.860255,49.100481,43,Казань,"[""https://yandex.ru/maps/43/kazan'/search/DNS/?ll=49.100481,55.860255&rspn=1&spn=0.003,0.003"", ""https://yandex.ru/maps/43/kazan'/search/m_video/?ll=49.100481,55.860255&rspn=1&spn=0.003,0.003"", ""https://yandex.ru/maps/43/kazan'/search/megafon/?ll=49.100481,55.860255&rspn=1&spn=0.003,0.003"", ""https://yandex.ru/maps/43/kazan'/search/mts/?ll=49.100481,55.860255&rspn=1&spn=0.003,0.003"", ""https://yandex.ru/maps/43/kazan'/search/svyaznoy/?ll=49.100481,55.860255&rspn=1&spn=0.003,0.003""]"
108,124,казань,55.863488,49.085407,43,Казань,"[""https://yandex.ru/maps/43/kazan'/search/DNS/?ll=49.085407,55.863488&rspn=1&spn=0.003,0.003"", ""https://yandex.ru/maps/43/kazan'/search/m_video/?ll=49.085407,55.863488&rspn=1&spn=0.003,0.003"", ""https://yandex.ru/maps/43/kazan'/search/megafon/?ll=49.085407,55.863488&rspn=1&spn=0.003,0.003"", ""https://yandex.ru/maps/43/kazan'/search/mts/?ll=49.085407,55.863488&rspn=1&spn=0.003,0.003"", ""https://yandex.ru/maps/43/kazan'/search/svyaznoy/?ll=49.085407,55.863488&rspn=1&spn=0.003,0.003""]"
109,125,казань,55.836279,49.14654,43,Казань,"[""https://yandex.ru/maps/43/kazan'/search/DNS/?ll=49.14654,55.836279&rspn=1&spn=0.003,0.003"", ""https://yandex.ru/maps/43/kazan'/search/m_video/?ll=49.14654,55.836279&rspn=1&spn=0.003,0.003"", ""https://yandex.ru/maps/43/kazan'/search/megafon/?ll=49.14654,55.836279&rspn=1&spn=0.003,0.003"", ""https://yandex.ru/maps/43/kazan'/search/mts/?ll=49.14654,55.836279&rspn=1&spn=0.003,0.003"", ""https://yandex.ru/maps/43/kazan'/search/svyaznoy/?ll=49.14654,55.836279&rspn=1&spn=0.003,0.003""]"
110,126,казань,55.744468,49.19247,43,Казань,"[""https://yandex.ru/maps/43/kazan'/search/DNS/?ll=49.19247,55.744468&rspn=1&spn=0.003,0.003"", ""https://yandex.ru/maps/43/kazan'/search/m_video/?ll=49.19247,55.744468&rspn=1&spn=0.003,0.003"", ""https://yandex.ru/maps/43/kazan'/search/megafon/?ll=49.19247,55.744468&rspn=1&spn=0.003,0.003"", ""https://yandex.ru/maps/43/kazan'/search/mts/?ll=49.19247,55.744468&rspn=1&spn=0.003,0.003"", ""https://yandex.ru/maps/43/kazan'/search/svyaznoy/?ll=49.19247,55.744468&rspn=1&spn=0.003,0.003""]"
111,127,казань,55.784141,49.14935,43,Казань,"[""https://yandex.ru/maps/43/kazan'/search/DNS/?ll=49.14935,55.784141&rspn=1&spn=0.003,0.003"", ""https://yandex.ru/maps/43/kazan'/search/m_video/?ll=49.14935,55.784141&rspn=1&spn=0.003,0.003"", ""https://yandex.ru/maps/43/kazan'/search/megafon/?ll=49.14935,55.784141&rspn=1&spn=0.003,0.003"", ""https://yandex.ru/maps/43/kazan'/search/mts/?ll=49.14935,55.784141&rspn=1&spn=0.003,0.003"", ""https://yandex.ru/maps/43/kazan'/search/svyaznoy/?ll=49.14935,55.784141&rspn=1&spn=0.003,0.003""]"
112,128,казань,55.785828,49.108063,43,Казань,"[""https://yandex.ru/maps/43/kazan'/search/DNS/?ll=49.108063,55.785828&rspn=1&spn=0.003,0.003"", ""https://yandex.ru/maps/43/kazan'/search/m_video/?ll=49.108063,55.785828&rspn=1&spn=0.003,0.003"", ""https://yandex.ru/maps/43/kazan'/search/megafon/?ll=49.108063,55.785828&rspn=1&spn=0.003,0.003"", ""https://yandex.ru/maps/43/kazan'/search/mts/?ll=49.108063,55.785828&rspn=1&spn=0.003,0.003"", ""https://yandex.ru/maps/43/kazan'/search/svyaznoy/?ll=49.108063,55.785828&rspn=1&spn=0.003,0.003""]"
113,129,казань,55.786852,49.109157,43,Казань,"[""https://yandex.ru/maps/43/kazan'/search/DNS/?ll=49.109157,55.786852&rspn=1&spn=0.003,0.003"", ""https://yandex.ru/maps/43/kazan'/search/m_video/?ll=49.109157,55.786852&rspn=1&spn=0.003,0.003"", ""https://yandex.ru/maps/43/kazan'/search/megafon/?ll=49.109157,55.786852&rspn=1&spn=0.003,0.003"", ""https://yandex.ru/maps/43/kazan'/search/mts/?ll=49.109157,55.786852&rspn=1&spn=0.003,0.003"", ""https://yandex.ru/maps/43/kazan'/search/svyaznoy/?ll=49.109157,55.786852&rspn=1&spn=0.003,0.003""]"
114,130,курган,55.453191,65.340376,53,Курган,"['https://yandex.ru/maps/53/kurgan/search/DNS/?ll=65.340376,55.453191&rspn=1&spn=0.003,0.003', 'https://yandex.ru/maps/53/kurgan/search/m_video/?ll=65.340376,55.453191&rspn=1&spn=0.003,0.003', 'https://yandex.ru/maps/53/kurgan/search/megafon/?ll=65.340376,55.453191&rspn=1&spn=0.003,0.003', 'https://yandex.ru/maps/53/kurgan/search/mts/?ll=65.340376,55.453191&rspn=1&spn=0.003,0.003', 'https://yandex.ru/maps/53/kurgan/search/svyaznoy/?ll=65.340376,55.453191&rspn=1&spn=0.003,0.003']"
115,131,курган,55.438691,65.357995,53,Курган,"['https://yandex.ru/maps/53/kurgan/search/DNS/?ll=65.357995,55.438691&rspn=1&spn=0.003,0.003', 'https://yandex.ru/maps/53/kurgan/search/m_video/?ll=65.357995,55.438691&rspn=1&spn=0.003,0.003', 'https://yandex.ru/maps/53/kurgan/search/megafon/?ll=65.357995,55.438691&rspn=1&spn=0.003,0.003', 'https://yandex.ru/maps/53/kurgan/search/mts/?ll=65.357995,55.438691&rspn=1&spn=0.003,0.003', 'https://yandex.ru/maps/53/kurgan/search/svyaznoy/?ll=65.357995,55.438691&rspn=1&spn=0.003,0.003']"
116,132,курган,55.428335,65.298073,53,Курган,"['https://yandex.ru/maps/53/kurgan/search/DNS/?ll=65.298073,55.428335&rspn=1&spn=0.003,0.003', 'https://yandex.ru/maps/53/kurgan/search/m_video/?ll=65.298073,55.428335&rspn=1&spn=0.003,0.003', 'https://yandex.ru/maps/53/kurgan/search/megafon/?ll=65.298073,55.428335&rspn=1&spn=0.003,0.003', 'https://yandex.ru/maps/53/kurgan/search/mts/?ll=65.298073,55.428335&rspn=1&spn=0.003,0.003', 'https://yandex.ru/maps/53/kurgan/search/svyaznoy/?ll=65.298073,55.428335&rspn=1&spn=0.003,0.003']"
117,133,курган,55.432238,65.319123,53,Курган,"['https://yandex.ru/maps/53/kurgan/search/DNS/?ll=65.319123,55.432238&rspn=1&spn=0.003,0.003', 'https://yandex.ru/maps/53/kurgan/search/m_video/?ll=65.319123,55.432238&rspn=1&spn=0.003,0.003', 'https://yandex.ru/maps/53/kurgan/search/megafon/?ll=65.319123,55.432238&rspn=1&spn=0.003,0.003', 'https://yandex.ru/maps/53/kurgan/search/mts/?ll=65.319123,55.432238&rspn=1&spn=0.003,0.003', 'https://yandex.ru/maps/53/kurgan/search/svyaznoy/?ll=65.319123,55.432238&rspn=1&spn=0.003,0.003']"
118,134,нижний новгород,56.243025,43.864934,47,Нижний Новгород,"['https://yandex.ru/maps/47/nizhnij novgorod/search/DNS/?ll=43.864934,56.243025&rspn=1&spn=0.003,0.003', 'https://yandex.ru/maps/47/nizhnij novgorod/search/m_video/?ll=43.864934,56.243025&rspn=1&spn=0.003,0.003', 'https://yandex.ru/maps/47/nizhnij novgorod/search/megafon/?ll=43.864934,56.243025&rspn=1&spn=0.003,0.003', 'https://yandex.ru/maps/47/nizhnij novgorod/search/mts/?ll=43.864934,56.243025&rspn=1&spn=0.003,0.003', 'https://yandex.ru/maps/47/nizhnij novgorod/search/svyaznoy/?ll=43.864934,56.243025&rspn=1&spn=0.003,0.003']"
119,135,нижний новгород,56.259252,43.85615,47,Нижний Новгород,"['https://yandex.ru/maps/47/nizhnij novgorod/search/DNS/?ll=43.85615,56.259252&rspn=1&spn=0.003,0.003', 'https://yandex.ru/maps/47/nizhnij novgorod/search/m_video/?ll=43.85615,56.259252&rspn=1&spn=0.003,0.003', 'https://yandex.ru/maps/47/nizhnij novgorod/search/megafon/?ll=43.85615,56.259252&rspn=1&spn=0.003,0.003', 'https://yandex.ru/maps/47/nizhnij novgorod/search/mts/?ll=43.85615,56.259252&rspn=1&spn=0.003,0.003', 'https://yandex.ru/maps/47/nizhnij novgorod/search/svyaznoy/?ll=43.85615,56.259252&rspn=1&spn=0.003,0.003']"
120,136,нижний новгород,56.239687,43.864032,47,Нижний Новгород,"['https://yandex.ru/maps/47/nizhnij novgorod/search/DNS/?ll=43.864032,56.239687&rspn=1&spn=0.003,0.003', 'https://yandex.ru/maps/47/nizhnij novgorod/search/m_video/?ll=43.864032,56.239687&rspn=1&spn=0.003,0.003', 'https://yandex.ru/maps/47/nizhnij novgorod/search/megafon/?ll=43.864032,56.239687&rspn=1&spn=0.003,0.003', 'https://yandex.ru/maps/47/nizhnij novgorod/search/mts/?ll=43.864032,56.239687&rspn=1&spn=0.003,0.003', 'https://yandex.ru/maps/47/nizhnij novgorod/search/svyaznoy/?ll=43.864032,56.239687&rspn=1&spn=0.003,0.003']"
121,137,нижний новгород,56.222046,43.853854,47,Нижний Новгород,"['https://yandex.ru/maps/47/nizhnij novgorod/search/DNS/?ll=43.853854,56.222046&rspn=1&spn=0.003,0.003', 'https://yandex.ru/maps/47/nizhnij novgorod/search/m_video/?ll=43.853854,56.222046&rspn=1&spn=0.003,0.003', 'https://yandex.ru/maps/47/nizhnij novgorod/search/megafon/?ll=43.853854,56.222046&rspn=1&spn=0.003,0.003', 'https://yandex.ru/maps/47/nizhnij novgorod/search/mts/?ll=43.853854,56.222046&rspn=1&spn=0.003,0.003', 'https://yandex.ru/maps/47/nizhnij novgorod/search/svyaznoy/?ll=43.853854,56.222046&rspn=1&spn=0.003,0.003']"
122,142,оренбург,51.770567,55.102965,48,Оренбург,"['https://yandex.ru/maps/48/orenburg/search/DNS/?ll=55.102965,51.770567&rspn=1&spn=0.003,0.003', 'https://yandex.ru/maps/48/orenburg/search/m_video/?ll=55.102965,51.770567&rspn=1&spn=0.003,0.003', 'https://yandex.ru/maps/48/orenburg/search/megafon/?ll=55.102965,51.770567&rspn=1&spn=0.003,0.003', 'https://yandex.ru/maps/48/orenburg/search/mts/?ll=55.102965,51.770567&rspn=1&spn=0.003,0.003', 'https://yandex.ru/maps/48/orenburg/search/svyaznoy/?ll=55.102965,51.770567&rspn=1&spn=0.003,0.003']"
123,143,оренбург,51.785204,55.154717,48,Оренбург,"['https://yandex.ru/maps/48/orenburg/search/DNS/?ll=55.154717,51.785204&rspn=1&spn=0.003,0.003', 'https://yandex.ru/maps/48/orenburg/search/m_video/?ll=55.154717,51.785204&rspn=1&spn=0.003,0.003', 'https://yandex.ru/maps/48/orenburg/search/megafon/?ll=55.154717,51.785204&rspn=1&spn=0.003,0.003', 'https://yandex.ru/maps/48/orenburg/search/mts/?ll=55.154717,51.785204&rspn=1&spn=0.003,0.003', 'https://yandex.ru/maps/48/orenburg/search/svyaznoy/?ll=55.154717,51.785204&rspn=1&spn=0.003,0.003']"
124,144,оренбург,51.76117,55.104202,48,Оренбург,"['https://yandex.ru/maps/48/orenburg/search/DNS/?ll=55.104202,51.76117&rspn=1&spn=0.003,0.003', 'https://yandex.ru/maps/48/orenburg/search/m_video/?ll=55.104202,51.76117&rspn=1&spn=0.003,0.003', 'https://yandex.ru/maps/48/orenburg/search/megafon/?ll=55.104202,51.76117&rspn=1&spn=0.003,0.003', 'https://yandex.ru/maps/48/orenburg/search/mts/?ll=55.104202,51.76117&rspn=1&spn=0.003,0.003', 'https://yandex.ru/maps/48/orenburg/search/svyaznoy/?ll=55.104202,51.76117&rspn=1&spn=0.003,0.003']"
125,145,оренбург,51.810828,55.090503,48,Оренбург,"['https://yandex.ru/maps/48/orenburg/search/DNS/?ll=55.090503,51.810828&rspn=1&spn=0.003,0.003', 'https://yandex.ru/maps/48/orenburg/search/m_video/?ll=55.090503,51.810828&rspn=1&spn=0.003,0.003', 'https://yandex.ru/maps/48/orenburg/search/megafon/?ll=55.090503,51.810828&rspn=1&spn=0.003,0.003', 'https://yandex.ru/maps/48/orenburg/search/mts/?ll=55.090503,51.810828&rspn=1&spn=0.003,0.003', 'https://yandex.ru/maps/48/orenburg/search/svyaznoy/?ll=55.090503,51.810828&rspn=1&spn=0.003,0.003']"
126,146,пенза,0.532224,44.890911,49,Пенза,"['https://yandex.ru/maps/49/penza/search/DNS/?ll=44.890911,0.532224&rspn=1&spn=0.003,0.003', 'https://yandex.ru/maps/49/penza/search/m_video/?ll=44.890911,0.532224&rspn=1&spn=0.003,0.003', 'https://yandex.ru/maps/49/penza/search/megafon/?ll=44.890911,0.532224&rspn=1&spn=0.003,0.003', 'https://yandex.ru/maps/49/penza/search/mts/?ll=44.890911,0.532224&rspn=1&spn=0.003,0.003', 'https://yandex.ru/maps/49/penza/search/svyaznoy/?ll=44.890911,0.532224&rspn=1&spn=0.003,0.003']"
127,147,пенза,53.209876,44.977719,49,Пенза,"['https://yandex.ru/maps/49/penza/search/DNS/?ll=44.977719,53.209876&rspn=1&spn=0.003,0.003', 'https://yandex.ru/maps/49/penza/search/m_video/?ll=44.977719,53.209876&rspn=1&spn=0.003,0.003', 'https://yandex.ru/maps/49/penza/search/megafon/?ll=44.977719,53.209876&rspn=1&spn=0.003,0.003', 'https://yandex.ru/maps/49/penza/search/mts/?ll=44.977719,53.209876&rspn=1&spn=0.003,0.003', 'https://yandex.ru/maps/49/penza/search/svyaznoy/?ll=44.977719,53.209876&rspn=1&spn=0.003,0.003']"
128,148,пенза,53.166932,44.98268,49,Пенза,"['https://yandex.ru/maps/49/penza/search/DNS/?ll=44.98268,53.166932&rspn=1&spn=0.003,0.003', 'https://yandex.ru/maps/49/penza/search/m_video/?ll=44.98268,53.166932&rspn=1&spn=0.003,0.003', 'https://yandex.ru/maps/49/penza/search/megafon/?ll=44.98268,53.166932&rspn=1&spn=0.003,0.003', 'https://yandex.ru/maps/49/penza/search/mts/?ll=44.98268,53.166932&rspn=1&spn=0.003,0.003', 'https://yandex.ru/maps/49/penza/search/svyaznoy/?ll=44.98268,53.166932&rspn=1&spn=0.003,0.003']"
129,149,пенза,53.215529,45.054464,49,Пенза,"['https://yandex.ru/maps/49/penza/search/DNS/?ll=45.054464,53.215529&rspn=1&spn=0.003,0.003', 'https://yandex.ru/maps/49/penza/search/m_video/?ll=45.054464,53.215529&rspn=1&spn=0.003,0.003', 'https://yandex.ru/maps/49/penza/search/megafon/?ll=45.054464,53.215529&rspn=1&spn=0.003,0.003', 'https://yandex.ru/maps/49/penza/search/mts/?ll=45.054464,53.215529&rspn=1&spn=0.003,0.003', 'https://yandex.ru/maps/49/penza/search/svyaznoy/?ll=45.054464,53.215529&rspn=1&spn=0.003,0.003']"
130,150,пенза,53.200271,45.012026,49,Пенза,"['https://yandex.ru/maps/49/penza/search/DNS/?ll=45.012026,53.200271&rspn=1&spn=0.003,0.003', 'https://yandex.ru/maps/49/penza/search/m_video/?ll=45.012026,53.200271&rspn=1&spn=0.003,0.003', 'https://yandex.ru/maps/49/penza/search/megafon/?ll=45.012026,53.200271&rspn=1&spn=0.003,0.003', 'https://yandex.ru/maps/49/penza/search/mts/?ll=45.012026,53.200271&rspn=1&spn=0.003,0.003', 'https://yandex.ru/maps/49/penza/search/svyaznoy/?ll=45.012026,53.200271&rspn=1&spn=0.003,0.003']"
131,151,пенза,53.22157,44.90909,49,Пенза,"['https://yandex.ru/maps/49/penza/search/DNS/?ll=44.90909,53.22157&rspn=1&spn=0.003,0.003', 'https://yandex.ru/maps/49/penza/search/m_video/?ll=44.90909,53.22157&rspn=1&spn=0.003,0.003', 'https://yandex.ru/maps/49/penza/search/megafon/?ll=44.90909,53.22157&rspn=1&spn=0.003,0.003', 'https://yandex.ru/maps/49/penza/search/mts/?ll=44.90909,53.22157&rspn=1&spn=0.003,0.003', 'https://yandex.ru/maps/49/penza/search/svyaznoy/?ll=44.90909,53.22157&rspn=1&spn=0.003,0.003']"
132,152,пенза,53.228271,44.933829,49,Пенза,"['https://yandex.ru/maps/49/penza/search/DNS/?ll=44.933829,53.228271&rspn=1&spn=0.003,0.003', 'https://yandex.ru/maps/49/penza/search/m_video/?ll=44.933829,53.228271&rspn=1&spn=0.003,0.003', 'https://yandex.ru/maps/49/penza/search/megafon/?ll=44.933829,53.228271&rspn=1&spn=0.003,0.003', 'https://yandex.ru/maps/49/penza/search/mts/?ll=44.933829,53.228271&rspn=1&spn=0.003,0.003', 'https://yandex.ru/maps/49/penza/search/svyaznoy/?ll=44.933829,53.228271&rspn=1&spn=0.003,0.003']"
133,153,пенза,53.206456,45.012243,49,Пенза,"['https://yandex.ru/maps/49/penza/search/DNS/?ll=45.012243,53.206456&rspn=1&spn=0.003,0.003', 'https://yandex.ru/maps/49/penza/search/m_video/?ll=45.012243,53.206456&rspn=1&spn=0.003,0.003', 'https://yandex.ru/maps/49/penza/search/megafon/?ll=45.012243,53.206456&rspn=1&spn=0.003,0.003', 'https://yandex.ru/maps/49/penza/search/mts/?ll=45.012243,53.206456&rspn=1&spn=0.003,0.003', 'https://yandex.ru/maps/49/penza/search/svyaznoy/?ll=45.012243,53.206456&rspn=1&spn=0.003,0.003']"
134,154,самара,53.190909,50.189773,51,Самара,"['https://yandex.ru/maps/51/samara/search/DNS/?ll=50.189773,53.190909&rspn=1&spn=0.003,0.003', 'https://yandex.ru/maps/51/samara/search/m_video/?ll=50.189773,53.190909&rspn=1&spn=0.003,0.003', 'https://yandex.ru/maps/51/samara/search/megafon/?ll=50.189773,53.190909&rspn=1&spn=0.003,0.003', 'https://yandex.ru/maps/51/samara/search/mts/?ll=50.189773,53.190909&rspn=1&spn=0.003,0.003', 'https://yandex.ru/maps/51/samara/search/svyaznoy/?ll=50.189773,53.190909&rspn=1&spn=0.003,0.003']"
135,155,самара,53.212718,50.247397,51,Самара,"['https://yandex.ru/maps/51/samara/search/DNS/?ll=50.247397,53.212718&rspn=1&spn=0.003,0.003', 'https://yandex.ru/maps/51/samara/search/m_video/?ll=50.247397,53.212718&rspn=1&spn=0.003,0.003', 'https://yandex.ru/maps/51/samara/search/megafon/?ll=50.247397,53.212718&rspn=1&spn=0.003,0.003', 'https://yandex.ru/maps/51/samara/search/mts/?ll=50.247397,53.212718&rspn=1&spn=0.003,0.003', 'https://yandex.ru/maps/51/samara/search/svyaznoy/?ll=50.247397,53.212718&rspn=1&spn=0.003,0.003']"
136,156,самара,53.20342,50.143376,51,Самара,"['https://yandex.ru/maps/51/samara/search/DNS/?ll=50.143376,53.20342&rspn=1&spn=0.003,0.003', 'https://yandex.ru/maps/51/samara/search/m_video/?ll=50.143376,53.20342&rspn=1&spn=0.003,0.003', 'https://yandex.ru/maps/51/samara/search/megafon/?ll=50.143376,53.20342&rspn=1&spn=0.003,0.003', 'https://yandex.ru/maps/51/samara/search/mts/?ll=50.143376,53.20342&rspn=1&spn=0.003,0.003', 'https://yandex.ru/maps/51/samara/search/svyaznoy/?ll=50.143376,53.20342&rspn=1&spn=0.003,0.003']"
137,157,самара,53.14035,50.173673,51,Самара,"['https://yandex.ru/maps/51/samara/search/DNS/?ll=50.173673,53.14035&rspn=1&spn=0.003,0.003', 'https://yandex.ru/maps/51/samara/search/m_video/?ll=50.173673,53.14035&rspn=1&spn=0.003,0.003', 'https://yandex.ru/maps/51/samara/search/megafon/?ll=50.173673,53.14035&rspn=1&spn=0.003,0.003', 'https://yandex.ru/maps/51/samara/search/mts/?ll=50.173673,53.14035&rspn=1&spn=0.003,0.003', 'https://yandex.ru/maps/51/samara/search/svyaznoy/?ll=50.173673,53.14035&rspn=1&spn=0.003,0.003']"
138,158,воронеж,51.701604,39.182661,193,Воронеж,"['https://yandex.ru/maps/193/voronezh/search/DNS/?ll=39.182661,51.701604&rspn=1&spn=0.003,0.003', 'https://yandex.ru/maps/193/voronezh/search/m_video/?ll=39.182661,51.701604&rspn=1&spn=0.003,0.003', 'https://yandex.ru/maps/193/voronezh/search/megafon/?ll=39.182661,51.701604&rspn=1&spn=0.003,0.003', 'https://yandex.ru/maps/193/voronezh/search/mts/?ll=39.182661,51.701604&rspn=1&spn=0.003,0.003', 'https://yandex.ru/maps/193/voronezh/search/svyaznoy/?ll=39.182661,51.701604&rspn=1&spn=0.003,0.003']"
139,159,воронеж,51.706041,39.148674,193,Воронеж,"['https://yandex.ru/maps/193/voronezh/search/DNS/?ll=39.148674,51.706041&rspn=1&spn=0.003,0.003', 'https://yandex.ru/maps/193/voronezh/search/m_video/?ll=39.148674,51.706041&rspn=1&spn=0.003,0.003', 'https://yandex.ru/maps/193/voronezh/search/megafon/?ll=39.148674,51.706041&rspn=1&spn=0.003,0.003', 'https://yandex.ru/maps/193/voronezh/search/mts/?ll=39.148674,51.706041&rspn=1&spn=0.003,0.003', 'https://yandex.ru/maps/193/voronezh/search/svyaznoy/?ll=39.148674,51.706041&rspn=1&spn=0.003,0.003']"
140,160,воронеж,51.667177,39.191858,193,Воронеж,"['https://yandex.ru/maps/193/voronezh/search/DNS/?ll=39.191858,51.667177&rspn=1&spn=0.003,0.003', 'https://yandex.ru/maps/193/voronezh/search/m_video/?ll=39.191858,51.667177&rspn=1&spn=0.003,0.003', 'https://yandex.ru/maps/193/voronezh/search/megafon/?ll=39.191858,51.667177&rspn=1&spn=0.003,0.003', 'https://yandex.ru/maps/193/voronezh/search/mts/?ll=39.191858,51.667177&rspn=1&spn=0.003,0.003', 'https://yandex.ru/maps/193/voronezh/search/svyaznoy/?ll=39.191858,51.667177&rspn=1&spn=0.003,0.003']"
141,161,воронеж,51.663399,39.194751,193,Воронеж,"['https://yandex.ru/maps/193/voronezh/search/DNS/?ll=39.194751,51.663399&rspn=1&spn=0.003,0.003', 'https://yandex.ru/maps/193/voronezh/search/m_video/?ll=39.194751,51.663399&rspn=1&spn=0.003,0.003', 'https://yandex.ru/maps/193/voronezh/search/megafon/?ll=39.194751,51.663399&rspn=1&spn=0.003,0.003', 'https://yandex.ru/maps/193/voronezh/search/mts/?ll=39.194751,51.663399&rspn=1&spn=0.003,0.003', 'https://yandex.ru/maps/193/voronezh/search/svyaznoy/?ll=39.194751,51.663399&rspn=1&spn=0.003,0.003']"
142,162,грозный,43.320524,45.688919,1106,Грозный,"['https://yandex.ru/maps/1106/groznyj/search/DNS/?ll=45.688919,43.320524&rspn=1&spn=0.003,0.003', 'https://yandex.ru/maps/1106/groznyj/search/m_video/?ll=45.688919,43.320524&rspn=1&spn=0.003,0.003', 'https://yandex.ru/maps/1106/groznyj/search/megafon/?ll=45.688919,43.320524&rspn=1&spn=0.003,0.003', 'https://yandex.ru/maps/1106/groznyj/search/mts/?ll=45.688919,43.320524&rspn=1&spn=0.003,0.003', 'https://yandex.ru/maps/1106/groznyj/search/svyaznoy/?ll=45.688919,43.320524&rspn=1&spn=0.003,0.003']"
143,163,грозный,43.365006,45.612401,1106,Грозный,"['https://yandex.ru/maps/1106/groznyj/search/DNS/?ll=45.612401,43.365006&rspn=1&spn=0.003,0.003', 'https://yandex.ru/maps/1106/groznyj/search/m_video/?ll=45.612401,43.365006&rspn=1&spn=0.003,0.003', 'https://yandex.ru/maps/1106/groznyj/search/megafon/?ll=45.612401,43.365006&rspn=1&spn=0.003,0.003', 'https://yandex.ru/maps/1106/groznyj/search/mts/?ll=45.612401,43.365006&rspn=1&spn=0.003,0.003', 'https://yandex.ru/maps/1106/groznyj/search/svyaznoy/?ll=45.612401,43.365006&rspn=1&spn=0.003,0.003']"
144,164,грозный,43.321619,45.691706,1106,Грозный,"['https://yandex.ru/maps/1106/groznyj/search/DNS/?ll=45.691706,43.321619&rspn=1&spn=0.003,0.003', 'https://yandex.ru/maps/1106/groznyj/search/m_video/?ll=45.691706,43.321619&rspn=1&spn=0.003,0.003', 'https://yandex.ru/maps/1106/groznyj/search/megafon/?ll=45.691706,43.321619&rspn=1&spn=0.003,0.003', 'https://yandex.ru/maps/1106/groznyj/search/mts/?ll=45.691706,43.321619&rspn=1&spn=0.003,0.003', 'https://yandex.ru/maps/1106/groznyj/search/svyaznoy/?ll=45.691706,43.321619&rspn=1&spn=0.003,0.003']"
145,165,грозный,43.32448,45.686533,1106,Грозный,"['https://yandex.ru/maps/1106/groznyj/search/DNS/?ll=45.686533,43.32448&rspn=1&spn=0.003,0.003', 'https://yandex.ru/maps/1106/groznyj/search/m_video/?ll=45.686533,43.32448&rspn=1&spn=0.003,0.003', 'https://yandex.ru/maps/1106/groznyj/search/megafon/?ll=45.686533,43.32448&rspn=1&spn=0.003,0.003', 'https://yandex.ru/maps/1106/groznyj/search/mts/?ll=45.686533,43.32448&rspn=1&spn=0.003,0.003', 'https://yandex.ru/maps/1106/groznyj/search/svyaznoy/?ll=45.686533,43.32448&rspn=1&spn=0.003,0.003']"
146,166,армавир,44.983245,41.096906,10257,Армавир,"['https://yandex.ru/maps/10257/armavir/search/DNS/?ll=41.096906,44.983245&rspn=1&spn=0.003,0.003', 'https://yandex.ru/maps/10257/armavir/search/m_video/?ll=41.096906,44.983245&rspn=1&spn=0.003,0.003', 'https://yandex.ru/maps/10257/armavir/search/megafon/?ll=41.096906,44.983245&rspn=1&spn=0.003,0.003', 'https://yandex.ru/maps/10257/armavir/search/mts/?ll=41.096906,44.983245&rspn=1&spn=0.003,0.003', 'https://yandex.ru/maps/10257/armavir/search/svyaznoy/?ll=41.096906,44.983245&rspn=1&spn=0.003,0.003']"
147,167,армавир,44.997222,41.130708,10257,Армавир,"['https://yandex.ru/maps/10257/armavir/search/DNS/?ll=41.130708,44.997222&rspn=1&spn=0.003,0.003', 'https://yandex.ru/maps/10257/armavir/search/m_video/?ll=41.130708,44.997222&rspn=1&spn=0.003,0.003', 'https://yandex.ru/maps/10257/armavir/search/megafon/?ll=41.130708,44.997222&rspn=1&spn=0.003,0.003', 'https://yandex.ru/maps/10257/armavir/search/mts/?ll=41.130708,44.997222&rspn=1&spn=0.003,0.003', 'https://yandex.ru/maps/10257/armavir/search/svyaznoy/?ll=41.130708,44.997222&rspn=1&spn=0.003,0.003']"
148,168,армавир,44.994995,41.084825,10257,Армавир,"['https://yandex.ru/maps/10257/armavir/search/DNS/?ll=41.084825,44.994995&rspn=1&spn=0.003,0.003', 'https://yandex.ru/maps/10257/armavir/search/m_video/?ll=41.084825,44.994995&rspn=1&spn=0.003,0.003', 'https://yandex.ru/maps/10257/armavir/search/megafon/?ll=41.084825,44.994995&rspn=1&spn=0.003,0.003', 'https://yandex.ru/maps/10257/armavir/search/mts/?ll=41.084825,44.994995&rspn=1&spn=0.003,0.003', 'https://yandex.ru/maps/10257/armavir/search/svyaznoy/?ll=41.084825,44.994995&rspn=1&spn=0.003,0.003']"
149,169,армавир,44.995003,41.134044,10257,Армавир,"['https://yandex.ru/maps/10257/armavir/search/DNS/?ll=41.134044,44.995003&rspn=1&spn=0.003,0.003', 'https://yandex.ru/maps/10257/armavir/search/m_video/?ll=41.134044,44.995003&rspn=1&spn=0.003,0.003', 'https://yandex.ru/maps/10257/armavir/search/megafon/?ll=41.134044,44.995003&rspn=1&spn=0.003,0.003', 'https://yandex.ru/maps/10257/armavir/search/mts/?ll=41.134044,44.995003&rspn=1&spn=0.003,0.003', 'https://yandex.ru/maps/10257/armavir/search/svyaznoy/?ll=41.134044,44.995003&rspn=1&spn=0.003,0.003']"
150,172,майкоп,44.609564,40.109782,1093,Майкоп,"['https://yandex.ru/maps/1093/majkop/search/DNS/?ll=40.109782,44.609564&rspn=1&spn=0.003,0.003', 'https://yandex.ru/maps/1093/majkop/search/m_video/?ll=40.109782,44.609564&rspn=1&spn=0.003,0.003', 'https://yandex.ru/maps/1093/majkop/search/megafon/?ll=40.109782,44.609564&rspn=1&spn=0.003,0.003', 'https://yandex.ru/maps/1093/majkop/search/mts/?ll=40.109782,44.609564&rspn=1&spn=0.003,0.003', 'https://yandex.ru/maps/1093/majkop/search/svyaznoy/?ll=40.109782,44.609564&rspn=1&spn=0.003,0.003']"
151,173,майкоп,44.608506,40.10723,1093,Майкоп,"['https://yandex.ru/maps/1093/majkop/search/DNS/?ll=40.10723,44.608506&rspn=1&spn=0.003,0.003', 'https://yandex.ru/maps/1093/majkop/search/m_video/?ll=40.10723,44.608506&rspn=1&spn=0.003,0.003', 'https://yandex.ru/maps/1093/majkop/search/megafon/?ll=40.10723,44.608506&rspn=1&spn=0.003,0.003', 'https://yandex.ru/maps/1093/majkop/search/mts/?ll=40.10723,44.608506&rspn=1&spn=0.003,0.003', 'https://yandex.ru/maps/1093/majkop/search/svyaznoy/?ll=40.10723,44.608506&rspn=1&spn=0.003,0.003']"
152,174,махачкала,42.971374,47.48853,28,Махачкала,"['https://yandex.ru/maps/28/mahachkala/search/DNS/?ll=47.48853,42.971374&rspn=1&spn=0.003,0.003', 'https://yandex.ru/maps/28/mahachkala/search/m_video/?ll=47.48853,42.971374&rspn=1&spn=0.003,0.003', 'https://yandex.ru/maps/28/mahachkala/search/megafon/?ll=47.48853,42.971374&rspn=1&spn=0.003,0.003', 'https://yandex.ru/maps/28/mahachkala/search/mts/?ll=47.48853,42.971374&rspn=1&spn=0.003,0.003', 'https://yandex.ru/maps/28/mahachkala/search/svyaznoy/?ll=47.48853,42.971374&rspn=1&spn=0.003,0.003']"
153,175,махачкала,42.961591,47.512861,28,Махачкала,"['https://yandex.ru/maps/28/mahachkala/search/DNS/?ll=47.512861,42.961591&rspn=1&spn=0.003,0.003', 'https://yandex.ru/maps/28/mahachkala/search/m_video/?ll=47.512861,42.961591&rspn=1&spn=0.003,0.003', 'https://yandex.ru/maps/28/mahachkala/search/megafon/?ll=47.512861,42.961591&rspn=1&spn=0.003,0.003', 'https://yandex.ru/maps/28/mahachkala/search/mts/?ll=47.512861,42.961591&rspn=1&spn=0.003,0.003', 'https://yandex.ru/maps/28/mahachkala/search/svyaznoy/?ll=47.512861,42.961591&rspn=1&spn=0.003,0.003']"
154,176,махачкала,42.980949,47.499488,28,Махачкала,"['https://yandex.ru/maps/28/mahachkala/search/DNS/?ll=47.499488,42.980949&rspn=1&spn=0.003,0.003', 'https://yandex.ru/maps/28/mahachkala/search/m_video/?ll=47.499488,42.980949&rspn=1&spn=0.003,0.003', 'https://yandex.ru/maps/28/mahachkala/search/megafon/?ll=47.499488,42.980949&rspn=1&spn=0.003,0.003', 'https://yandex.ru/maps/28/mahachkala/search/mts/?ll=47.499488,42.980949&rspn=1&spn=0.003,0.003', 'https://yandex.ru/maps/28/mahachkala/search/svyaznoy/?ll=47.499488,42.980949&rspn=1&spn=0.003,0.003']"
155,177,махачкала,42.972473,47.489653,28,Махачкала,"['https://yandex.ru/maps/28/mahachkala/search/DNS/?ll=47.489653,42.972473&rspn=1&spn=0.003,0.003', 'https://yandex.ru/maps/28/mahachkala/search/m_video/?ll=47.489653,42.972473&rspn=1&spn=0.003,0.003', 'https://yandex.ru/maps/28/mahachkala/search/megafon/?ll=47.489653,42.972473&rspn=1&spn=0.003,0.003', 'https://yandex.ru/maps/28/mahachkala/search/mts/?ll=47.489653,42.972473&rspn=1&spn=0.003,0.003', 'https://yandex.ru/maps/28/mahachkala/search/svyaznoy/?ll=47.489653,42.972473&rspn=1&spn=0.003,0.003']"
156,178,нальчик,43.481156,43.607559,30,Нальчик,"[""https://yandex.ru/maps/30/nal'chik/search/DNS/?ll=43.607559,43.481156&rspn=1&spn=0.003,0.003"", ""https://yandex.ru/maps/30/nal'chik/search/m_video/?ll=43.607559,43.481156&rspn=1&spn=0.003,0.003"", ""https://yandex.ru/maps/30/nal'chik/search/megafon/?ll=43.607559,43.481156&rspn=1&spn=0.003,0.003"", ""https://yandex.ru/maps/30/nal'chik/search/mts/?ll=43.607559,43.481156&rspn=1&spn=0.003,0.003"", ""https://yandex.ru/maps/30/nal'chik/search/svyaznoy/?ll=43.607559,43.481156&rspn=1&spn=0.003,0.003""]"
157,179,нальчик,43.481412,43.60379,30,Нальчик,"[""https://yandex.ru/maps/30/nal'chik/search/DNS/?ll=43.60379,43.481412&rspn=1&spn=0.003,0.003"", ""https://yandex.ru/maps/30/nal'chik/search/m_video/?ll=43.60379,43.481412&rspn=1&spn=0.003,0.003"", ""https://yandex.ru/maps/30/nal'chik/search/megafon/?ll=43.60379,43.481412&rspn=1&spn=0.003,0.003"", ""https://yandex.ru/maps/30/nal'chik/search/mts/?ll=43.60379,43.481412&rspn=1&spn=0.003,0.003"", ""https://yandex.ru/maps/30/nal'chik/search/svyaznoy/?ll=43.60379,43.481412&rspn=1&spn=0.003,0.003""]"
158,180,нальчик,43.4764,43.573804,30,Нальчик,"[""https://yandex.ru/maps/30/nal'chik/search/DNS/?ll=43.573804,43.4764&rspn=1&spn=0.003,0.003"", ""https://yandex.ru/maps/30/nal'chik/search/m_video/?ll=43.573804,43.4764&rspn=1&spn=0.003,0.003"", ""https://yandex.ru/maps/30/nal'chik/search/megafon/?ll=43.573804,43.4764&rspn=1&spn=0.003,0.003"", ""https://yandex.ru/maps/30/nal'chik/search/mts/?ll=43.573804,43.4764&rspn=1&spn=0.003,0.003"", ""https://yandex.ru/maps/30/nal'chik/search/svyaznoy/?ll=43.573804,43.4764&rspn=1&spn=0.003,0.003""]"
159,181,нальчик,43.503253,43.612211,30,Нальчик,"[""https://yandex.ru/maps/30/nal'chik/search/DNS/?ll=43.612211,43.503253&rspn=1&spn=0.003,0.003"", ""https://yandex.ru/maps/30/nal'chik/search/m_video/?ll=43.612211,43.503253&rspn=1&spn=0.003,0.003"", ""https://yandex.ru/maps/30/nal'chik/search/megafon/?ll=43.612211,43.503253&rspn=1&spn=0.003,0.003"", ""https://yandex.ru/maps/30/nal'chik/search/mts/?ll=43.612211,43.503253&rspn=1&spn=0.003,0.003"", ""https://yandex.ru/maps/30/nal'chik/search/svyaznoy/?ll=43.612211,43.503253&rspn=1&spn=0.003,0.003""]"
160,182,ростов_на_дону,47.231588,39.618653,39,Ростов-на-Дону,"['https://yandex.ru/maps/39/rostov_na_donu/search/DNS/?ll=39.618653,47.231588&rspn=1&spn=0.003,0.003', 'https://yandex.ru/maps/39/rostov_na_donu/search/m_video/?ll=39.618653,47.231588&rspn=1&spn=0.003,0.003', 'https://yandex.ru/maps/39/rostov_na_donu/search/megafon/?ll=39.618653,47.231588&rspn=1&spn=0.003,0.003', 'https://yandex.ru/maps/39/rostov_na_donu/search/mts/?ll=39.618653,47.231588&rspn=1&spn=0.003,0.003', 'https://yandex.ru/maps/39/rostov_na_donu/search/svyaznoy/?ll=39.618653,47.231588&rspn=1&spn=0.003,0.003']"
161,183,ростов_на_дону,47.230469,39.610689,39,Ростов-на-Дону,"['https://yandex.ru/maps/39/rostov_na_donu/search/DNS/?ll=39.610689,47.230469&rspn=1&spn=0.003,0.003', 'https://yandex.ru/maps/39/rostov_na_donu/search/m_video/?ll=39.610689,47.230469&rspn=1&spn=0.003,0.003', 'https://yandex.ru/maps/39/rostov_na_donu/search/megafon/?ll=39.610689,47.230469&rspn=1&spn=0.003,0.003', 'https://yandex.ru/maps/39/rostov_na_donu/search/mts/?ll=39.610689,47.230469&rspn=1&spn=0.003,0.003', 'https://yandex.ru/maps/39/rostov_na_donu/search/svyaznoy/?ll=39.610689,47.230469&rspn=1&spn=0.003,0.003']"
162,184,ростов_на_дону,47.229702,39.628651,39,Ростов-на-Дону,"['https://yandex.ru/maps/39/rostov_na_donu/search/DNS/?ll=39.628651,47.229702&rspn=1&spn=0.003,0.003', 'https://yandex.ru/maps/39/rostov_na_donu/search/m_video/?ll=39.628651,47.229702&rspn=1&spn=0.003,0.003', 'https://yandex.ru/maps/39/rostov_na_donu/search/megafon/?ll=39.628651,47.229702&rspn=1&spn=0.003,0.003', 'https://yandex.ru/maps/39/rostov_na_donu/search/mts/?ll=39.628651,47.229702&rspn=1&spn=0.003,0.003', 'https://yandex.ru/maps/39/rostov_na_donu/search/svyaznoy/?ll=39.628651,47.229702&rspn=1&spn=0.003,0.003']"
163,185,ростов_на_дону,47.262457,39.655149,39,Ростов-на-Дону,"['https://yandex.ru/maps/39/rostov_na_donu/search/DNS/?ll=39.655149,47.262457&rspn=1&spn=0.003,0.003', 'https://yandex.ru/maps/39/rostov_na_donu/search/m_video/?ll=39.655149,47.262457&rspn=1&spn=0.003,0.003', 'https://yandex.ru/maps/39/rostov_na_donu/search/megafon/?ll=39.655149,47.262457&rspn=1&spn=0.003,0.003', 'https://yandex.ru/maps/39/rostov_na_donu/search/mts/?ll=39.655149,47.262457&rspn=1&spn=0.003,0.003', 'https://yandex.ru/maps/39/rostov_na_donu/search/svyaznoy/?ll=39.655149,47.262457&rspn=1&spn=0.003,0.003']"
164,190,тамбов,52.723473,41.435334,13,Тамбов,"['https://yandex.ru/maps/13/tambov/search/DNS/?ll=41.435334,52.723473&rspn=1&spn=0.003,0.003', 'https://yandex.ru/maps/13/tambov/search/m_video/?ll=41.435334,52.723473&rspn=1&spn=0.003,0.003', 'https://yandex.ru/maps/13/tambov/search/megafon/?ll=41.435334,52.723473&rspn=1&spn=0.003,0.003', 'https://yandex.ru/maps/13/tambov/search/mts/?ll=41.435334,52.723473&rspn=1&spn=0.003,0.003', 'https://yandex.ru/maps/13/tambov/search/svyaznoy/?ll=41.435334,52.723473&rspn=1&spn=0.003,0.003']"
165,191,тамбов,52.741887,41.451267,13,Тамбов,"['https://yandex.ru/maps/13/tambov/search/DNS/?ll=41.451267,52.741887&rspn=1&spn=0.003,0.003', 'https://yandex.ru/maps/13/tambov/search/m_video/?ll=41.451267,52.741887&rspn=1&spn=0.003,0.003', 'https://yandex.ru/maps/13/tambov/search/megafon/?ll=41.451267,52.741887&rspn=1&spn=0.003,0.003', 'https://yandex.ru/maps/13/tambov/search/mts/?ll=41.451267,52.741887&rspn=1&spn=0.003,0.003', 'https://yandex.ru/maps/13/tambov/search/svyaznoy/?ll=41.451267,52.741887&rspn=1&spn=0.003,0.003']"
166,192,тамбов,52.723967,41.456456,13,Тамбов,"['https://yandex.ru/maps/13/tambov/search/DNS/?ll=41.456456,52.723967&rspn=1&spn=0.003,0.003', 'https://yandex.ru/maps/13/tambov/search/m_video/?ll=41.456456,52.723967&rspn=1&spn=0.003,0.003', 'https://yandex.ru/maps/13/tambov/search/megafon/?ll=41.456456,52.723967&rspn=1&spn=0.003,0.003', 'https://yandex.ru/maps/13/tambov/search/mts/?ll=41.456456,52.723967&rspn=1&spn=0.003,0.003', 'https://yandex.ru/maps/13/tambov/search/svyaznoy/?ll=41.456456,52.723967&rspn=1&spn=0.003,0.003']"
167,193,тамбов,52.766259,41.397737,13,Тамбов,"['https://yandex.ru/maps/13/tambov/search/DNS/?ll=41.397737,52.766259&rspn=1&spn=0.003,0.003', 'https://yandex.ru/maps/13/tambov/search/m_video/?ll=41.397737,52.766259&rspn=1&spn=0.003,0.003', 'https://yandex.ru/maps/13/tambov/search/megafon/?ll=41.397737,52.766259&rspn=1&spn=0.003,0.003', 'https://yandex.ru/maps/13/tambov/search/mts/?ll=41.397737,52.766259&rspn=1&spn=0.003,0.003', 'https://yandex.ru/maps/13/tambov/search/svyaznoy/?ll=41.397737,52.766259&rspn=1&spn=0.003,0.003']"
168,194,элиста,46.308899,44.270979,1094,Элиста,"['https://yandex.ru/maps/1094/elista/search/DNS/?ll=44.270979,46.308899&rspn=1&spn=0.003,0.003', 'https://yandex.ru/maps/1094/elista/search/m_video/?ll=44.270979,46.308899&rspn=1&spn=0.003,0.003', 'https://yandex.ru/maps/1094/elista/search/megafon/?ll=44.270979,46.308899&rspn=1&spn=0.003,0.003', 'https://yandex.ru/maps/1094/elista/search/mts/?ll=44.270979,46.308899&rspn=1&spn=0.003,0.003', 'https://yandex.ru/maps/1094/elista/search/svyaznoy/?ll=44.270979,46.308899&rspn=1&spn=0.003,0.003']"
169,195,элиста,46.309268,44.263893,1094,Элиста,"['https://yandex.ru/maps/1094/elista/search/DNS/?ll=44.263893,46.309268&rspn=1&spn=0.003,0.003', 'https://yandex.ru/maps/1094/elista/search/m_video/?ll=44.263893,46.309268&rspn=1&spn=0.003,0.003', 'https://yandex.ru/maps/1094/elista/search/megafon/?ll=44.263893,46.309268&rspn=1&spn=0.003,0.003', 'https://yandex.ru/maps/1094/elista/search/mts/?ll=44.263893,46.309268&rspn=1&spn=0.003,0.003', 'https://yandex.ru/maps/1094/elista/search/svyaznoy/?ll=44.263893,46.309268&rspn=1&spn=0.003,0.003']"
170,196,элиста,46.305144,44.267571,1094,Элиста,"['https://yandex.ru/maps/1094/elista/search/DNS/?ll=44.267571,46.305144&rspn=1&spn=0.003,0.003', 'https://yandex.ru/maps/1094/elista/search/m_video/?ll=44.267571,46.305144&rspn=1&spn=0.003,0.003', 'https://yandex.ru/maps/1094/elista/search/megafon/?ll=44.267571,46.305144&rspn=1&spn=0.003,0.003', 'https://yandex.ru/maps/1094/elista/search/mts/?ll=44.267571,46.305144&rspn=1&spn=0.003,0.003', 'https://yandex.ru/maps/1094/elista/search/svyaznoy/?ll=44.267571,46.305144&rspn=1&spn=0.003,0.003']"
171,197,элиста,46.316949,44.267064,1094,Элиста,"['https://yandex.ru/maps/1094/elista/search/DNS/?ll=44.267064,46.316949&rspn=1&spn=0.003,0.003', 'https://yandex.ru/maps/1094/elista/search/m_video/?ll=44.267064,46.316949&rspn=1&spn=0.003,0.003', 'https://yandex.ru/maps/1094/elista/search/megafon/?ll=44.267064,46.316949&rspn=1&spn=0.003,0.003', 'https://yandex.ru/maps/1094/elista/search/mts/?ll=44.267064,46.316949&rspn=1&spn=0.003,0.003', 'https://yandex.ru/maps/1094/elista/search/svyaznoy/?ll=44.267064,46.316949&rspn=1&spn=0.003,0.003']"
172,198,орёл,52.974328,36.08927,10,Орёл,"['https://yandex.ru/maps/10/orel/search/DNS/?ll=36.08927,52.974328&rspn=1&spn=0.003,0.003', 'https://yandex.ru/maps/10/orel/search/m_video/?ll=36.08927,52.974328&rspn=1&spn=0.003,0.003', 'https://yandex.ru/maps/10/orel/search/megafon/?ll=36.08927,52.974328&rspn=1&spn=0.003,0.003', 'https://yandex.ru/maps/10/orel/search/mts/?ll=36.08927,52.974328&rspn=1&spn=0.003,0.003', 'https://yandex.ru/maps/10/orel/search/svyaznoy/?ll=36.08927,52.974328&rspn=1&spn=0.003,0.003']"
173,199,орёл,52.9804,36.069631,10,Орёл,"['https://yandex.ru/maps/10/orel/search/DNS/?ll=36.069631,52.9804&rspn=1&spn=0.003,0.003', 'https://yandex.ru/maps/10/orel/search/m_video/?ll=36.069631,52.9804&rspn=1&spn=0.003,0.003', 'https://yandex.ru/maps/10/orel/search/megafon/?ll=36.069631,52.9804&rspn=1&spn=0.003,0.003', 'https://yandex.ru/maps/10/orel/search/mts/?ll=36.069631,52.9804&rspn=1&spn=0.003,0.003', 'https://yandex.ru/maps/10/orel/search/svyaznoy/?ll=36.069631,52.9804&rspn=1&spn=0.003,0.003']"
